Workbook
Name PHOTO1: INDEX(PHOTO!$F$4:PHOTO!$F$103,MATCH(PHOTO!$H$2,PHOTO!$A$4:PHOTO!$A$103,0))
Name PHOTO2: INDEX(PHOTO!$F$4:PHOTO!$F$103,MATCH('ALL-F1'!$I$11,PHOTO!$A$4:PHOTO!$A$103,0))
Name PHOTO2: INDEX(PHOTO!$F$4:PHOTO!$F$103,MATCH('BAR-F1'!$I$11,PHOTO!$A$4:PHOTO!$A$103,0))
Name PHOTO2: INDEX(PHOTO!$F$4:PHOTO!$F$103,MATCH('F1'!$I$11,PHOTO!$A$4:PHOTO!$A$103,0))
Name PHOTO2: INDEX(PHOTO!$F$4:PHOTO!$F$103,MATCH(#REF!,PHOTO!$A$4:PHOTO!$A$103,0))
Name PHOTO2: INDEX(PHOTO!$F$4:PHOTO!$F$103,MATCH(#REF!,PHOTO!$A$4:PHOTO!$A$103,0))
Name PHOTO3: INDEX(PHOTO!$F$4:PHOTO!$F$103,MATCH('AB1'!$N$12,PHOTO!$A$4:PHOTO!$A$103,0))
Name PHOTO4: INDEX(PHOTO!$F$4:PHOTO!$F$103,MATCH(SUCCESS!$P$13,PHOTO!$A$4:PHOTO!$A$103,0))

Sheet ENTRY
B1: COMMON DETAILS OF SCHOOL : | F1: INPUT SHEETS (ENTRY) | M1: OUTPUT SHEETS (PRINT)
A2: 1 | B2: SHORT NAME OF CORPORATION | C2: : | D2: MCD
A3: 2 | B3: CORPORATION NAME | C3: : | D3: MUNICIPAL CORPORATION OF DELHI | E3: 1 | F3: DATEWISE | L3: 1 | M3: STUDENT FLN ASSESSMENT SHEET
A4: 3 | B4: NAME OF DEPARTMENT | C4: : | D4: EDUCATION DEPARTMENT
A5: 4 | B5: ZONE | C5: : | D5: ROHINI ZONE | E5: 2 | F5: STUDENT | L5: 2 | M5: STUDENT FLN RECORD - ANNEXURE-F1
A6: 5 | B6: NAME OF THE SCHOOL | C6: : | D6: MCP NITHARI NO 1 BOYS
A7: 6 | B7: School U-DISE ID | C7: : | E7: 3 | F7: FLN | L7: 3 | M7: CLASS WISE FLN RECORD - ANNEXURE-F2
A8: 7 | B8: School U-DISE CODE | C8: :
A9: 8 | B9: School Number | C9: : | D9: 20 | E9: 4 | F9: PHOTO | L9: 4 | M9: BAR GRAPH - ANNEXURE-F1
A10: 9 | B10: Ward No. | C10: : | D10: 40
A11: 10 | B11: Session | C11: : | D11: 2026-27 | E11: 5 | F11: PASHEET | L11: 5 | M11: P.A. SUMMARY
A12: 11 | B12: Name of Principal / HOS | C12: : | D12: SHAMBHU DAYAL MEENA
A13: 12 | B13: Name of Mentor | C13: : | D13: DEVENDER SINGH | E13: 6 | F13: MARKS | L13: 6 | M13: STUDENT MARKS CARD - ANNEXURE-AB1
A14: 13 | B14: Name of S.I. of School | C14: :
A15: 14 | B15: Total Students in School | C15: : | E15: 7 | F15: ATTENDANCE | L15: 7 | M15: CASE STUDY
A16: 15 | B16: Total Students (3rd to 5th) in MB | C16: :
A17: 16 | B17: Total Long Absentee (3rd to 5th) in MB | C17: : | L17: 8 | M17: SUCCESS STORY
A18: 17 | B18: Total Available Students in MB | C18: :
A19: 18 | B19: Name of Class Teacher | C19: : | D19: INDRAJEET | L19: 9 | M19: PTM FEEDBACK
A20: 19 | B20: Class | C20: : | D20: III
A21: 20 | B21: Section | C21: : | D21: A | L21: 10 | M21: RESULT REGISTER - ANNEXURE-R2.1 - 1 to 4
A22: 21 | B22: Total Boys in Class | C22: : | D22: 39
A23: 22 | B23: Total Girls in Class | C23: : | D23: 0 | L23: 11 | M23: CLASS WISE SUMMARY-ANNEXURE-R2.2 - 1 to 4
A24: 23 | B24: Total Students in the Class | C24: : | D24: 39
A25: 24 | B25: Total Working Days (Apr to Sep) | C25: : | L25: 12 | M25: SCHOOL WISE SUM - ANNEXURE-R2.3 - 1 to 4
A26: 25 | B26: Total Working Days (April to March) | C26: :
A27: 26 | B27: Date of Result Declaration | C27: : | D27: 46102 | L27: 13 | M27: MARKS SHEET - ANNEXURE-R2.4 - 1 to 4
A28: 27 | B28: State | C28: : | D28: NEW DELHI
A29: 28 | B29: BMID of Class Teacher | C29: : | D29: 95032137 | L29: 14 | M29: RESULT REGISTER - ANNEXURE-R3.1 - 5TH
A30: 29 | B30: Contact Number of Teacher | C30: : | D30: 9958606952
A31: 30 | B31: Name of Academic Co-ordinator | C31: : | L31: 15 | M31: CLASS WISE SUMMARY - ANNEXURE-R3.2 - 5TH
A32: 31 | B32: Contact No. of Academic Co-ordinator | C32: :
A33: 32 | B33: Contact No. of HOS | C33: : | L33: 16 | M33: SCHOOL WISE SUM - ANNEXURE-R3.3 - 5TH
A34: 33
A35: 34 | L35: 17 | M35: MARKS SHEET - ANNEXURE-R3.4 - 5TH
A36: 35
A37: 36 | L37: 18 | M37: ALL STUDENTS FLN GRAPH - F1
A38: 37
A39: 38 | L39: 19 | M39: SCHOOL WISE FLN 1 & 2 - ANNEXURE-F3.1
A40: 39
A41: 40 | L41: 20 | M41: SCHOOL WISE FLN 3, 4 & 5 - ANNEXURE-F3.2
L43: 21 | M43: CLASS INFORMATION DESK - ATTENDNANCE
L45: 22 | M45: CLASS INFORMATION DESK - FLN CLASS 1 & 2
L47: 23 | M47: CLASS INFORMATION DESK - FLN CLASS 3, 4 & 5
L49: 24 | M49: CLASS INFORMATION DESK - TERM GRADES

Sheet DATEWISE
A1: DATES OF FLN ASSESSMENT | C1: Total Students in the Class | D1: Total Long Absentee | E1: Total Students Assessed | F1: Total Students in the SCHOOL (1st to 2nd) | G1: Total Long Absentee (1st to 2nd) | H1: Total Students Assessed (1st to 2nd) | I1: CODE | J1: HINDI | O1: Total Students Assessed (1st to 2nd) | P1: CODE | Q1: MATHS | V1: Total Students Assessed (1st to 2nd) | W1: CODE | X1: ENGLISH | AC1: Total Students Assessed (1st to 2nd) | AD1: Total Students in the SCHOOL (3rd to 5th) | AE1: Total Long Absentee (3rd to 5th) | AF1: Total Students Assessed (3rd to 5th) | AG1: CODE | AH1: HINDI | AM1: Total Students Assessed (3rd to 5th) | AN1: CODE | AO1: MATHS | AT1: Total Students Assessed (3rd to 5th) | AU1: CODE | AV1: ENGLISH | BA1: Total Students Assessed (3rd to 5th) | BB1: Total Students in the SCHOOL (1st to 5th) | BC1: Total Long Absentee (1st to 5th) | BD1: Total Students Assessed (1st to 5th) | BE1: CODE | BF1: HINDI | BK1: Total Students Assessed (1st to 5th) | BL1: CODE | BM1: MATHS | BR1: Total Students Assessed (1st to 5th) | BS1: CODE | BT1: ENGLISH | BY1: Total Students Assessed (1st to 5th) | BZ1: HINDI | CF1: Total Students Assessed | CG1: MATHS | CM1: Total Students Assessed | CN1: ENGLISH | CT1: Total Students Assessed
J2: L1 | K2: L2 | L2: L3 | M2: L4 | N2: L5 | O2: HINDI | Q2: L1 | R2: L2 | S2: L3 | T2: L4 | U2: L5 | V2: MATHS | X2: L1 | Y2: L2 | Z2: L3 | AA2: L4 | AB2: L5 | AC2: ENGLISH | AH2: L1 | AI2: L2 | AJ2: L3 | AK2: L4 | AL2: L5 | AM2: HINDI | AO2: L1 | AP2: L2 | AQ2: L3 | AR2: L4 | AS2: L5 | AT2: MATHS | AV2: L1 | AW2: L2 | AX2: L3 | AY2: L4 | AZ2: L5 | BA2: ENGLISH | BF2: L1 | BG2: L2 | BH2: L3 | BI2: L4 | BJ2: L5 | BK2: HINDI | BM2: L1 | BN2: L2 | BO2: L3 | BP2: L4 | BQ2: L5 | BR2: MATHS | BT2: L1 | BU2: L2 | BV2: L3 | BW2: L4 | BX2: L5 | BY2: ENGLISH | BZ2: L1 | CA2: L2 | CB2: L3 | CC2: L4 | CD2: L5 | CE2: Ab | CF2: TOTAL | CG2: L1 | CH2: L2 | CI2: L3 | CJ2: L4 | CK2: L5 | CL2: Ab | CM2: TOTAL | CN2: L1 | CO2: L2 | CP2: L3 | CQ2: L4 | CR2: L5 | CS2: Ab | CT2: TOTAL
A3: 1 | B3: 30.04.2026 | C3: 39 | D3: 3 | E3: =IF(C3>0,MIN(C3-D3),"") -> 36 | G3: 0 | H3: =IF(F3>0,MIN(F3-G3),"") | I3: =B3&$J$1 -> 30.04.2026HINDI | J3: 8 | K3: 24 | L3: 7 | M3: 0 | N3: 0 | O3: =IF(F3>0,SUM(J3,K3,L3,M3,N3),"") | P3: =B3&$Q$1 -> 30.04.2026MATHS | Q3: 8 | R3: 24 | S3: 7 | T3: 0 | U3: 0 | V3: =IF(F3>0,SUM(Q3,R3,S3,T3,U3),"") | W3: =B3&$X$1 -> 30.04.2026ENGLISH | X3: 8 | Y3: 24 | Z3: 7 | AA3: 0 | AB3: 0 | AC3: =IF(F3>0,SUM(X3,Y3,Z3,AA3,AB3),"") | AD3: 687 | AE3: 3 | AF3: =IF(AD3>0,MIN(AD3-AE3),"") -> 684 | AG3: =B3&$AH$1 -> 30.04.2026HINDI | AH3: 12 | AI3: 106 | AJ3: 388 | AK3: 155 | AL3: 23 | AM3: =IF(AD3>0,SUM(AH3,AI3,AJ3,AK3,AL3),"") -> 684 | AN3: =B3&$AO$1 -> 30.04.2026MATHS | AO3: 12 | AP3: 96 | AQ3: 384 | AR3: 169 | AS3: 23 | AT3: =IF(AD3>0,SUM(AO3,AP3,AQ3,AR3,AS3),"") -> 684 | AU3: =B3&$AV$1 -> 30.04.2026ENGLISH | AV3: 12 | AW3: 138 | AX3: 374 | AY3: 137 | AZ3: 23 | BA3: =IF(AD3>0,SUM(AV3,AW3,AX3,AY3,AZ3),"") -> 684 | BB3: =SUM(F3,AD3) -> 687 | BC3: =SUM(G3,AE3) -> 3 | BD3: =IF(BB3>0,MIN(BB3-BC3),"") -> 684 | BE3: =B3&$BF$1 -> 30.04.2026HINDI | BF3: =SUM(J3,AH3) -> 20 | BG3: =SUM(K3,AI3) -> 130 | BH3: =SUM(L3,AJ3) -> 395 | BI3: =SUM(M3,AK3) -> 155 | BJ3: =SUM(N3,AL3) -> 23 | BK3: =IF(BB3>0,SUM(BF3,BG3,BH3,BI3,BJ3),"") -> 723 | BL3: =B3&$BM$1 -> 30.04.2026MATHS | BM3: =SUM(Q3,AO3) -> 20 | BN3: =SUM(R3,AP3) -> 120 | BO3: =SUM(S3,AQ3) -> 391 | BP3: =SUM(T3,AR3) -> 169 | BQ3: =SUM(U3,AS3) -> 23 | BR3: =IF(BB3>0,SUM(BM3,BN3,BO3,BP3,BQ3),"") -> 723 | BS3: =B3&$BT$1 -> 30.04.2026ENGLISH | BT3: =SUM(X3,AV3) -> 20 | BU3: =SUM(Y3,AW3) -> 162 | BV3: =SUM(Z3,AX3) -> 381 | BW3: =SUM(AA3,AY3) -> 137 | BX3: =SUM(AB3,AZ3) -> 23 | BY3: =IF(BB3>0,SUM(BT3,BU3,BV3,BW3,BX3),"") -> 723 | BZ3: =IF(E3="","",VLOOKUP(B3&$BZ$1,FLNTRANSPOSE!$F$3:$DP$102,105,0)) -> 0 | CA3: =IF(E3="","",VLOOKUP(B3&$BZ$1,FLNTRANSPOSE!$F$3:$DP$102,107,0)) -> 28 | CB3: =IF(E3="","",VLOOKUP(B3&$BZ$1,FLNTRANSPOSE!$F$3:$DP$102,109,0)) -> 5 | CC3: =IF(E3="","",VLOOKUP(B3&$BZ$1,FLNTRANSPOSE!$F$3:$DP$102,111,0)) -> 3 | CD3: =IF(E3="","",VLOOKUP(B3&$BZ$1,FLNTRANSPOSE!$F$3:$DP$102,113,0)) -> 0 | CE3: =IF(E3="","",VLOOKUP(B3&$BZ$1,FLNTRANSPOSE!$F$3:$DP$102,115,0)) -> 3 | CF3: =IF(E3="","",SUM(BZ3,CA3,CB3,CC3,CD3,CE3)) -> 39 | CG3: =IF(E3="","",VLOOKUP(B3&$CG$1,FLNTRANSPOSE!$F$3:$DP$102,105,0)) -> 0 | CH3: =IF(E3="","",VLOOKUP(B3&$CG$1,FLNTRANSPOSE!$F$3:$DP$102,107,0)) -> 0 | CI3: =IF(E3="","",VLOOKUP(B3&$CG$1,FLNTRANSPOSE!$F$3:$DP$102,109,0)) -> 27 | CJ3: =IF(E3="","",VLOOKUP(B3&$CG$1,FLNTRANSPOSE!$F$3:$DP$102,111,0)) -> 9 | CK3: =IF(E3="","",VLOOKUP(B3&$CG$1,FLNTRANSPOSE!$F$3:$DP$102,113,0)) -> 0 | CL3: =IF(E3="","",VLOOKUP(B3&$CG$1,FLNTRANSPOSE!$F$3:$DP$102,115,0)) -> 3 | CM3: =IF(E3="","",SUM(CG3,CH3,CI3,CJ3,CK3,CL3)) -> 39 | CN3: =IF(E3="","",VLOOKUP(B3&$CN$1,FLNTRANSPOSE!$F$3:$DP$102,105,0)) -> 0 | CO3: =IF(E3="","",VLOOKUP(B3&$CN$1,FLNTRANSPOSE!$F$3:$DP$102,107,0)) -> 31 | CP3: =IF(E3="","",VLOOKUP(B3&$CN$1,FLNTRANSPOSE!$F$3:$DP$102,109,0)) -> 5 | CQ3: =IF(E3="","",VLOOKUP(B3&$CN$1,FLNTRANSPOSE!$F$3:$DP$102,111,0)) -> 0 | CR3: =IF(E3="","",VLOOKUP(B3&$CN$1,FLNTRANSPOSE!$F$3:$DP$102,113,0)) -> 0 | CS3: =IF(E3="","",VLOOKUP(B3&$CN$1,FLNTRANSPOSE!$F$3:$DP$102,115,0)) -> 3 | CT3: =IF(E3="","",SUM(CN3,CO3,CP3,CQ3,CR3,CS3)) -> 39
A4: 2 | B4: 08.05.2026 | C4: 39 | D4: 3 | E4: =IF(C4>0,MIN(C4-D4),"") -> 36 | G4: 0 | H4: =IF(F4>0,MIN(F4-G4),"") | I4: =B4&$J$1 -> 08.05.2026HINDI | J4: 0 | K4: 24 | L4: 15 | M4: 0 | N4: 0 | O4: =IF(F4>0,SUM(J4,K4,L4,M4,N4),"") | P4: =B4&$Q$1 -> 08.05.2026MATHS | Q4: 110 | R4: 72 | S4: 18 | T4: 0 | U4: 0 | V4: =IF(F4>0,SUM(Q4,R4,S4,T4,U4),"") | W4: =B4&$X$1 -> 08.05.2026ENGLISH | X4: 110 | Y4: 72 | Z4: 18 | AA4: 0 | AB4: 0 | AC4: =IF(F4>0,SUM(X4,Y4,Z4,AA4,AB4),"") | AD4: 711 | AE4: 0 | AF4: =IF(AD4>0,MIN(AD4-AE4),"") -> 711 | AG4: =B4&$AH$1 -> 08.05.2026HINDI | AH4: 12 | AI4: 137 | AJ4: 388 | AK4: 151 | AL4: 23 | AM4: =IF(AD4>0,SUM(AH4,AI4,AJ4,AK4,AL4),"") -> 711 | AN4: =B4&$AO$1 -> 08.05.2026MATHS | AO4: 12 | AP4: 127 | AQ4: 384 | AR4: 165 | AS4: 23 | AT4: =IF(AD4>0,SUM(AO4,AP4,AQ4,AR4,AS4),"") -> 711 | AU4: =B4&$AV$1 -> 08.05.2026ENGLISH | AV4: 12 | AW4: 169 | AX4: 374 | AY4: 133 | AZ4: 23 | BA4: =IF(AD4>0,SUM(AV4,AW4,AX4,AY4,AZ4),"") -> 711 | BB4: =SUM(F4,AD4) -> 711 | BC4: =SUM(G4,AE4) -> 0 | BD4: =IF(BB4>0,MIN(BB4-BC4),"") -> 711 | BE4: =B4&$BF$1 -> 08.05.2026HINDI | BF4: =SUM(J4,AH4) -> 12 | BG4: =SUM(K4,AI4) -> 161 | BH4: =SUM(L4,AJ4) -> 403 | BI4: =SUM(M4,AK4) -> 151 | BJ4: =SUM(N4,AL4) -> 23 | BK4: =IF(BB4>0,SUM(BF4,BG4,BH4,BI4,BJ4),"") -> 750 | BL4: =B4&$BM$1 -> 08.05.2026MATHS | BM4: =SUM(Q4,AO4) -> 122 | BN4: =SUM(R4,AP4) -> 199 | BO4: =SUM(S4,AQ4) -> 402 | BP4: =SUM(T4,AR4) -> 165 | BQ4: =SUM(U4,AS4) -> 23 | BR4: =IF(BB4>0,SUM(BM4,BN4,BO4,BP4,BQ4),"") -> 911 | BS4: =B4&$BT$1 -> 08.05.2026ENGLISH | BT4: =SUM(X4,AV4) -> 122 | BU4: =SUM(Y4,AW4) -> 241 | BV4: =SUM(Z4,AX4) -> 392 | BW4: =SUM(AA4,AY4) -> 133 | BX4: =SUM(AB4,AZ4) -> 23 | BY4: =IF(BB4>0,SUM(BT4,BU4,BV4,BW4,BX4),"") -> 911 | BZ4: =IF(E4="","",VLOOKUP(B4&$BZ$1,FLNTRANSPOSE!$F$3:$DP$102,105,0)) -> 0 | CA4: =IF(E4="","",VLOOKUP(B4&$BZ$1,FLNTRANSPOSE!$F$3:$DP$102,107,0)) -> 28 | CB4: =IF(E4="","",VLOOKUP(B4&$BZ$1,FLNTRANSPOSE!$F$3:$DP$102,109,0)) -> 5 | CC4: =IF(E4="","",VLOOKUP(B4&$BZ$1,FLNTRANSPOSE!$F$3:$DP$102,111,0)) -> 3 | CD4: =IF(E4="","",VLOOKUP(B4&$BZ$1,FLNTRANSPOSE!$F$3:$DP$102,113,0)) -> 0 | CE4: =IF(E4="","",VLOOKUP(B4&$BZ$1,FLNTRANSPOSE!$F$3:$DP$102,115,0)) -> 3 | CF4: =IF(E4="","",SUM(BZ4,CA4,CB4,CC4,CD4,CE4)) -> 39 | CG4: =IF(E4="","",VLOOKUP(B4&$CG$1,FLNTRANSPOSE!$F$3:$DP$102,105,0)) -> 0 | CH4: =IF(E4="","",VLOOKUP(B4&$CG$1,FLNTRANSPOSE!$F$3:$DP$102,107,0)) -> 0 | CI4: =IF(E4="","",VLOOKUP(B4&$CG$1,FLNTRANSPOSE!$F$3:$DP$102,109,0)) -> 27 | CJ4: =IF(E4="","",VLOOKUP(B4&$CG$1,FLNTRANSPOSE!$F$3:$DP$102,111,0)) -> 9 | CK4: =IF(E4="","",VLOOKUP(B4&$CG$1,FLNTRANSPOSE!$F$3:$DP$102,113,0)) -> 0 | CL4: =IF(E4="","",VLOOKUP(B4&$CG$1,FLNTRANSPOSE!$F$3:$DP$102,115,0)) -> 3 | CM4: =IF(E4="","",SUM(CG4,CH4,CI4,CJ4,CK4,CL4)) -> 39 | CN4: =IF(E4="","",VLOOKUP(B4&$CN$1,FLNTRANSPOSE!$F$3:$DP$102,105,0)) -> 0 | CO4: =IF(E4="","",VLOOKUP(B4&$CN$1,FLNTRANSPOSE!$F$3:$DP$102,107,0)) -> 31 | CP4: =IF(E4="","",VLOOKUP(B4&$CN$1,FLNTRANSPOSE!$F$3:$DP$102,109,0)) -> 5 | CQ4: =IF(E4="","",VLOOKUP(B4&$CN$1,FLNTRANSPOSE!$F$3:$DP$102,111,0)) -> 0 | CR4: =IF(E4="","",VLOOKUP(B4&$CN$1,FLNTRANSPOSE!$F$3:$DP$102,113,0)) -> 0 | CS4: =IF(E4="","",VLOOKUP(B4&$CN$1,FLNTRANSPOSE!$F$3:$DP$102,115,0)) -> 3 | CT4: =IF(E4="","",SUM(CN4,CO4,CP4,CQ4,CR4,CS4)) -> 39
A5: 3 | B5: 15.07.2026 | C5: 39 | D5: 3 | E5: =IF(C5>0,MIN(C5-D5),"") -> 36 | G5: 0 | H5: =IF(F5>0,MIN(F5-G5),"") | I5: =B5&$J$1 -> 15.07.2026HINDI | J5: 0 | K5: 24 | L5: 15 | M5: 0 | N5: 0 | O5: =IF(F5>0,SUM(J5,K5,L5,M5,N5),"") | P5: =B5&$Q$1 -> 15.07.2026MATHS | Q5: 129 | R5: 74 | S5: 23 | T5: 5 | U5: 0 | V5: =IF(F5>0,SUM(Q5,R5,S5,T5,U5),"") | W5: =B5&$X$1 -> 15.07.2026ENGLISH | X5: 131 | Y5: 75 | Z5: 25 | AA5: 0 | AB5: 0 | AC5: =IF(F5>0,SUM(X5,Y5,Z5,AA5,AB5),"") | AD5: 756 | AE5: 0 | AF5: =IF(AD5>0,MIN(AD5-AE5),"") -> 756 | AG5: =B5&$AH$1 -> 15.07.2026HINDI | AH5: 9 | AI5: 130 | AJ5: 434 | AK5: 154 | AL5: 29 | AM5: =IF(AD5>0,SUM(AH5,AI5,AJ5,AK5,AL5),"") -> 756 | AN5: =B5&$AO$1 -> 15.07.2026MATHS | AO5: 9 | AP5: 117 | AQ5: 416 | AR5: 189 | AS5: 25 | AT5: =IF(AD5>0,SUM(AO5,AP5,AQ5,AR5,AS5),"") -> 756 | AU5: =B5&$AV$1 -> 15.07.2026ENGLISH | AV5: 9 | AW5: 179 | AX5: 411 | AY5: 133 | AZ5: 24 | BA5: =IF(AD5>0,SUM(AV5,AW5,AX5,AY5,AZ5),"") -> 756 | BB5: =SUM(F5,AD5) -> 756 | BC5: =SUM(G5,AE5) -> 0 | BD5: =IF(BB5>0,MIN(BB5-BC5),"") -> 756 | BE5: =B5&$BF$1 -> 15.07.2026HINDI | BF5: =SUM(J5,AH5) -> 9 | BG5: =SUM(K5,AI5) -> 154 | BH5: =SUM(L5,AJ5) -> 449 | BI5: =SUM(M5,AK5) -> 154 | BJ5: =SUM(N5,AL5) -> 29 | BK5: =IF(BB5>0,SUM(BF5,BG5,BH5,BI5,BJ5),"") -> 795 | BL5: =B5&$BM$1 -> 15.07.2026MATHS | BM5: =SUM(Q5,AO5) -> 138 | BN5: =SUM(R5,AP5) -> 191 | BO5: =SUM(S5,AQ5) -> 439 | BP5: =SUM(T5,AR5) -> 194 | BQ5: =SUM(U5,AS5) -> 25 | BR5: =IF(BB5>0,SUM(BM5,BN5,BO5,BP5,BQ5),"") -> 987 | BS5: =B5&$BT$1 -> 15.07.2026ENGLISH | BT5: =SUM(X5,AV5) -> 140 | BU5: =SUM(Y5,AW5) -> 254 | BV5: =SUM(Z5,AX5) -> 436 | BW5: =SUM(AA5,AY5) -> 133 | BX5: =SUM(AB5,AZ5) -> 24 | BY5: =IF(BB5>0,SUM(BT5,BU5,BV5,BW5,BX5),"") -> 987 | BZ5: =IF(E5="","",VLOOKUP(B5&$BZ$1,FLNTRANSPOSE!$F$3:$DP$102,105,0)) -> 0 | CA5: =IF(E5="","",VLOOKUP(B5&$BZ$1,FLNTRANSPOSE!$F$3:$DP$102,107,0)) -> 28 | CB5: =IF(E5="","",VLOOKUP(B5&$BZ$1,FLNTRANSPOSE!$F$3:$DP$102,109,0)) -> 5 | CC5: =IF(E5="","",VLOOKUP(B5&$BZ$1,FLNTRANSPOSE!$F$3:$DP$102,111,0)) -> 3 | CD5: =IF(E5="","",VLOOKUP(B5&$BZ$1,FLNTRANSPOSE!$F$3:$DP$102,113,0)) -> 0 | CE5: =IF(E5="","",VLOOKUP(B5&$BZ$1,FLNTRANSPOSE!$F$3:$DP$102,115,0)) -> 3 | CF5: =IF(E5="","",SUM(BZ5,CA5,CB5,CC5,CD5,CE5)) -> 39 | CG5: =IF(E5="","",VLOOKUP(B5&$CG$1,FLNTRANSPOSE!$F$3:$DP$102,105,0)) -> 0 | CH5: =IF(E5="","",VLOOKUP(B5&$CG$1,FLNTRANSPOSE!$F$3:$DP$102,107,0)) -> 0 | CI5: =IF(E5="","",VLOOKUP(B5&$CG$1,FLNTRANSPOSE!$F$3:$DP$102,109,0)) -> 27 | CJ5: =IF(E5="","",VLOOKUP(B5&$CG$1,FLNTRANSPOSE!$F$3:$DP$102,111,0)) -> 9 | CK5: =IF(E5="","",VLOOKUP(B5&$CG$1,FLNTRANSPOSE!$F$3:$DP$102,113,0)) -> 0 | CL5: =IF(E5="","",VLOOKUP(B5&$CG$1,FLNTRANSPOSE!$F$3:$DP$102,115,0)) -> 3 | CM5: =IF(E5="","",SUM(CG5,CH5,CI5,CJ5,CK5,CL5)) -> 39 | CN5: =IF(E5="","",VLOOKUP(B5&$CN$1,FLNTRANSPOSE!$F$3:$DP$102,105,0)) -> 0 | CO5: =IF(E5="","",VLOOKUP(B5&$CN$1,FLNTRANSPOSE!$F$3:$DP$102,107,0)) -> 31 | CP5: =IF(E5="","",VLOOKUP(B5&$CN$1,FLNTRANSPOSE!$F$3:$DP$102,109,0)) -> 5 | CQ5: =IF(E5="","",VLOOKUP(B5&$CN$1,FLNTRANSPOSE!$F$3:$DP$102,111,0)) -> 0 | CR5: =IF(E5="","",VLOOKUP(B5&$CN$1,FLNTRANSPOSE!$F$3:$DP$102,113,0)) -> 0 | CS5: =IF(E5="","",VLOOKUP(B5&$CN$1,FLNTRANSPOSE!$F$3:$DP$102,115,0)) -> 3 | CT5: =IF(E5="","",SUM(CN5,CO5,CP5,CQ5,CR5,CS5)) -> 39
A6: 4 | B6: 31.07.2026 | C6: 39 | D6: 3 | E6: =IF(C6>0,MIN(C6-D6),"") -> 36 | G6: 0 | H6: =IF(F6>0,MIN(F6-G6),"") | I6: =B6&$J$1 -> 31.07.2026HINDI | J6: 0 | K6: 24 | L6: 15 | M6: 0 | N6: 0 | O6: =IF(F6>0,SUM(J6,K6,L6,M6,N6),"") | P6: =B6&$Q$1 -> 31.07.2026MATHS | Q6: 129 | R6: 99 | S6: 23 | T6: 5 | U6: 0 | V6: =IF(F6>0,SUM(Q6,R6,S6,T6,U6),"") | W6: =B6&$X$1 -> 31.07.2026ENGLISH | X6: 131 | Y6: 100 | Z6: 25 | AA6: 0 | AB6: 0 | AC6: =IF(F6>0,SUM(X6,Y6,Z6,AA6,AB6),"") | AD6: 778 | AE6: 0 | AF6: =IF(AD6>0,MIN(AD6-AE6),"") -> 778 | AG6: =B6&$AH$1 -> 31.07.2026HINDI | AH6: 9 | AI6: 128 | AJ6: 462 | AK6: 150 | AL6: 29 | AM6: =IF(AD6>0,SUM(AH6,AI6,AJ6,AK6,AL6),"") -> 778 | AN6: =B6&$AO$1 -> 31.07.2026MATHS | AO6: 9 | AP6: 115 | AQ6: 444 | AR6: 185 | AS6: 25 | AT6: =IF(AD6>0,SUM(AO6,AP6,AQ6,AR6,AS6),"") -> 778 | AU6: =B6&$AV$1 -> 31.07.2026ENGLISH | AV6: 9 | AW6: 176 | AX6: 440 | AY6: 129 | AZ6: 24 | BA6: =IF(AD6>0,SUM(AV6,AW6,AX6,AY6,AZ6),"") -> 778 | BB6: =SUM(F6,AD6) -> 778 | BC6: =SUM(G6,AE6) -> 0 | BD6: =IF(BB6>0,MIN(BB6-BC6),"") -> 778 | BE6: =B6&$BF$1 -> 31.07.2026HINDI | BF6: =SUM(J6,AH6) -> 9 | BG6: =SUM(K6,AI6) -> 152 | BH6: =SUM(L6,AJ6) -> 477 | BI6: =SUM(M6,AK6) -> 150 | BJ6: =SUM(N6,AL6) -> 29 | BK6: =IF(BB6>0,SUM(BF6,BG6,BH6,BI6,BJ6),"") -> 817 | BL6: =B6&$BM$1 -> 31.07.2026MATHS | BM6: =SUM(Q6,AO6) -> 138 | BN6: =SUM(R6,AP6) -> 214 | BO6: =SUM(S6,AQ6) -> 467 | BP6: =SUM(T6,AR6) -> 190 | BQ6: =SUM(U6,AS6) -> 25 | BR6: =IF(BB6>0,SUM(BM6,BN6,BO6,BP6,BQ6),"") -> 1034 | BS6: =B6&$BT$1 -> 31.07.2026ENGLISH | BT6: =SUM(X6,AV6) -> 140 | BU6: =SUM(Y6,AW6) -> 276 | BV6: =SUM(Z6,AX6) -> 465 | BW6: =SUM(AA6,AY6) -> 129 | BX6: =SUM(AB6,AZ6) -> 24 | BY6: =IF(BB6>0,SUM(BT6,BU6,BV6,BW6,BX6),"") -> 1034 | BZ6: =IF(E6="","",VLOOKUP(B6&$BZ$1,FLNTRANSPOSE!$F$3:$DP$102,105,0)) -> 0 | CA6: =IF(E6="","",VLOOKUP(B6&$BZ$1,FLNTRANSPOSE!$F$3:$DP$102,107,0)) -> 28 | CB6: =IF(E6="","",VLOOKUP(B6&$BZ$1,FLNTRANSPOSE!$F$3:$DP$102,109,0)) -> 5 | CC6: =IF(E6="","",VLOOKUP(B6&$BZ$1,FLNTRANSPOSE!$F$3:$DP$102,111,0)) -> 3 | CD6: =IF(E6="","",VLOOKUP(B6&$BZ$1,FLNTRANSPOSE!$F$3:$DP$102,113,0)) -> 0 | CE6: =IF(E6="","",VLOOKUP(B6&$BZ$1,FLNTRANSPOSE!$F$3:$DP$102,115,0)) -> 3 | CF6: =IF(E6="","",SUM(BZ6,CA6,CB6,CC6,CD6,CE6)) -> 39 | CG6: =IF(E6="","",VLOOKUP(B6&$CG$1,FLNTRANSPOSE!$F$3:$DP$102,105,0)) -> 0 | CH6: =IF(E6="","",VLOOKUP(B6&$CG$1,FLNTRANSPOSE!$F$3:$DP$102,107,0)) -> 0 | CI6: =IF(E6="","",VLOOKUP(B6&$CG$1,FLNTRANSPOSE!$F$3:$DP$102,109,0)) -> 27 | CJ6: =IF(E6="","",VLOOKUP(B6&$CG$1,FLNTRANSPOSE!$F$3:$DP$102,111,0)) -> 9 | CK6: =IF(E6="","",VLOOKUP(B6&$CG$1,FLNTRANSPOSE!$F$3:$DP$102,113,0)) -> 0 | CL6: =IF(E6="","",VLOOKUP(B6&$CG$1,FLNTRANSPOSE!$F$3:$DP$102,115,0)) -> 3 | CM6: =IF(E6="","",SUM(CG6,CH6,CI6,CJ6,CK6,CL6)) -> 39 | CN6: =IF(E6="","",VLOOKUP(B6&$CN$1,FLNTRANSPOSE!$F$3:$DP$102,105,0)) -> 0 | CO6: =IF(E6="","",VLOOKUP(B6&$CN$1,FLNTRANSPOSE!$F$3:$DP$102,107,0)) -> 31 | CP6: =IF(E6="","",VLOOKUP(B6&$CN$1,FLNTRANSPOSE!$F$3:$DP$102,109,0)) -> 5 | CQ6: =IF(E6="","",VLOOKUP(B6&$CN$1,FLNTRANSPOSE!$F$3:$DP$102,111,0)) -> 0 | CR6: =IF(E6="","",VLOOKUP(B6&$CN$1,FLNTRANSPOSE!$F$3:$DP$102,113,0)) -> 0 | CS6: =IF(E6="","",VLOOKUP(B6&$CN$1,FLNTRANSPOSE!$F$3:$DP$102,115,0)) -> 3 | CT6: =IF(E6="","",SUM(CN6,CO6,CP6,CQ6,CR6,CS6)) -> 39
A7: 5 | B7: 17.08.2026 | C7: 39 | D7: 3 | E7: =IF(C7>0,MIN(C7-D7),"") -> 36 | H7: =IF(F7>0,MIN(F7-G7),"") | I7: =B7&$J$1 -> 17.08.2026HINDI | J7: 0 | K7: 18 | L7: 20 | M7: 1 | N7: 0 | O7: =IF(F7>0,SUM(J7,K7,L7,M7,N7),"") | P7: =B7&$Q$1 -> 17.08.2026MATHS | V7: =IF(F7>0,SUM(Q7,R7,S7,T7,U7),"") | W7: =B7&$X$1 -> 17.08.2026ENGLISH | AC7: =IF(F7>0,SUM(X7,Y7,Z7,AA7,AB7),"") | AF7: =IF(AD7>0,MIN(AD7-AE7),"") | AG7: =B7&$AH$1 -> 17.08.2026HINDI | AM7: =IF(AD7>0,SUM(AH7,AI7,AJ7,AK7,AL7),"") | AN7: =B7&$AO$1 -> 17.08.2026MATHS | AT7: =IF(AD7>0,SUM(AO7,AP7,AQ7,AR7,AS7),"") | AU7: =B7&$AV$1 -> 17.08.2026ENGLISH | BA7: =IF(AD7>0,SUM(AV7,AW7,AX7,AY7,AZ7),"") | BB7: =SUM(F7,AD7) -> 0 | BC7: =SUM(G7,AE7) -> 0 | BD7: =IF(BB7>0,MIN(BB7-BC7),"") | BE7: =B7&$BF$1 -> 17.08.2026HINDI | BF7: =SUM(J7,AH7) -> 0 | BG7: =SUM(K7,AI7) -> 18 | BH7: =SUM(L7,AJ7) -> 20 | BI7: =SUM(M7,AK7) -> 1 | BJ7: =SUM(N7,AL7) -> 0 | BK7: =IF(BB7>0,SUM(BF7,BG7,BH7,BI7,BJ7),"") | BL7: =B7&$BM$1 -> 17.08.2026MATHS | BM7: =SUM(Q7,AO7) -> 0 | BN7: =SUM(R7,AP7) -> 0 | BO7: =SUM(S7,AQ7) -> 0 | BP7: =SUM(T7,AR7) -> 0 | BQ7: =SUM(U7,AS7) -> 0 | BR7: =IF(BB7>0,SUM(BM7,BN7,BO7,BP7,BQ7),"") | BS7: =B7&$BT$1 -> 17.08.2026ENGLISH | BT7: =SUM(X7,AV7) -> 0 | BU7: =SUM(Y7,AW7) -> 0 | BV7: =SUM(Z7,AX7) -> 0 | BW7: =SUM(AA7,AY7) -> 0 | BX7: =SUM(AB7,AZ7) -> 0 | BY7: =IF(BB7>0,SUM(BT7,BU7,BV7,BW7,BX7),"") | BZ7: =IF(E7="","",VLOOKUP(B7&$BZ$1,FLNTRANSPOSE!$F$3:$DP$102,105,0)) -> 0 | CA7: =IF(E7="","",VLOOKUP(B7&$BZ$1,FLNTRANSPOSE!$F$3:$DP$102,107,0)) -> 28 | CB7: =IF(E7="","",VLOOKUP(B7&$BZ$1,FLNTRANSPOSE!$F$3:$DP$102,109,0)) -> 5 | CC7: =IF(E7="","",VLOOKUP(B7&$BZ$1,FLNTRANSPOSE!$F$3:$DP$102,111,0)) -> 3 | CD7: =IF(E7="","",VLOOKUP(B7&$BZ$1,FLNTRANSPOSE!$F$3:$DP$102,113,0)) -> 0 | CE7: =IF(E7="","",VLOOKUP(B7&$BZ$1,FLNTRANSPOSE!$F$3:$DP$102,115,0)) -> 3 | CF7: =IF(E7="","",SUM(BZ7,CA7,CB7,CC7,CD7,CE7)) -> 39 | CG7: =IF(E7="","",VLOOKUP(B7&$CG$1,FLNTRANSPOSE!$F$3:$DP$102,105,0)) -> 0 | CH7: =IF(E7="","",VLOOKUP(B7&$CG$1,FLNTRANSPOSE!$F$3:$DP$102,107,0)) -> 0 | CI7: =IF(E7="","",VLOOKUP(B7&$CG$1,FLNTRANSPOSE!$F$3:$DP$102,109,0)) -> 27 | CJ7: =IF(E7="","",VLOOKUP(B7&$CG$1,FLNTRANSPOSE!$F$3:$DP$102,111,0)) -> 9 | CK7: =IF(E7="","",VLOOKUP(B7&$CG$1,FLNTRANSPOSE!$F$3:$DP$102,113,0)) -> 0 | CL7: =IF(E7="","",VLOOKUP(B7&$CG$1,FLNTRANSPOSE!$F$3:$DP$102,115,0)) -> 3 | CM7: =IF(E7="","",SUM(CG7,CH7,CI7,CJ7,CK7,CL7)) -> 39 | CN7: =IF(E7="","",VLOOKUP(B7&$CN$1,FLNTRANSPOSE!$F$3:$DP$102,105,0)) -> 0 | CO7: =IF(E7="","",VLOOKUP(B7&$CN$1,FLNTRANSPOSE!$F$3:$DP$102,107,0)) -> 31 | CP7: =IF(E7="","",VLOOKUP(B7&$CN$1,FLNTRANSPOSE!$F$3:$DP$102,109,0)) -> 5 | CQ7: =IF(E7="","",VLOOKUP(B7&$CN$1,FLNTRANSPOSE!$F$3:$DP$102,111,0)) -> 0 | CR7: =IF(E7="","",VLOOKUP(B7&$CN$1,FLNTRANSPOSE!$F$3:$DP$102,113,0)) -> 0 | CS7: =IF(E7="","",VLOOKUP(B7&$CN$1,FLNTRANSPOSE!$F$3:$DP$102,115,0)) -> 3 | CT7: =IF(E7="","",SUM(CN7,CO7,CP7,CQ7,CR7,CS7)) -> 39
A8: 6 | B8: 31.08.2026 | C8: 39 | D8: 3 | E8: =IF(C8>0,MIN(C8-D8),"") -> 36 | H8: =IF(F8>0,MIN(F8-G8),"") | I8: =B8&$J$1 -> 31.08.2026HINDI | O8: =IF(F8>0,SUM(J8,K8,L8,M8,N8),"") | P8: =B8&$Q$1 -> 31.08.2026MATHS | V8: =IF(F8>0,SUM(Q8,R8,S8,T8,U8),"") | W8: =B8&$X$1 -> 31.08.2026ENGLISH | AC8: =IF(F8>0,SUM(X8,Y8,Z8,AA8,AB8),"") | AF8: =IF(AD8>0,MIN(AD8-AE8),"") | AG8: =B8&$AH$1 -> 31.08.2026HINDI | AM8: =IF(AD8>0,SUM(AH8,AI8,AJ8,AK8,AL8),"") | AN8: =B8&$AO$1 -> 31.08.2026MATHS | AT8: =IF(AD8>0,SUM(AO8,AP8,AQ8,AR8,AS8),"") | AU8: =B8&$AV$1 -> 31.08.2026ENGLISH | BA8: =IF(AD8>0,SUM(AV8,AW8,AX8,AY8,AZ8),"") | BB8: =SUM(F8,AD8) -> 0 | BC8: =SUM(G8,AE8) -> 0 | BD8: =IF(BB8>0,MIN(BB8-BC8),"") | BE8: =B8&$BF$1 -> 31.08.2026HINDI | BF8: =SUM(J8,AH8) -> 0 | BG8: =SUM(K8,AI8) -> 0 | BH8: =SUM(L8,AJ8) -> 0 | BI8: =SUM(M8,AK8) -> 0 | BJ8: =SUM(N8,AL8) -> 0 | BK8: =IF(BB8>0,SUM(BF8,BG8,BH8,BI8,BJ8),"") | BL8: =B8&$BM$1 -> 31.08.2026MATHS | BM8: =SUM(Q8,AO8) -> 0 | BN8: =SUM(R8,AP8) -> 0 | BO8: =SUM(S8,AQ8) -> 0 | BP8: =SUM(T8,AR8) -> 0 | BQ8: =SUM(U8,AS8) -> 0 | BR8: =IF(BB8>0,SUM(BM8,BN8,BO8,BP8,BQ8),"") | BS8: =B8&$BT$1 -> 31.08.2026ENGLISH | BT8: =SUM(X8,AV8) -> 0 | BU8: =SUM(Y8,AW8) -> 0 | BV8: =SUM(Z8,AX8) -> 0 | BW8: =SUM(AA8,AY8) -> 0 | BX8: =SUM(AB8,AZ8) -> 0 | BY8: =IF(BB8>0,SUM(BT8,BU8,BV8,BW8,BX8),"") | BZ8: =IF(E8="","",VLOOKUP(B8&$BZ$1,FLNTRANSPOSE!$F$3:$DP$102,105,0)) -> 0 | CA8: =IF(E8="","",VLOOKUP(B8&$BZ$1,FLNTRANSPOSE!$F$3:$DP$102,107,0)) -> 16 | CB8: =IF(E8="","",VLOOKUP(B8&$BZ$1,FLNTRANSPOSE!$F$3:$DP$102,109,0)) -> 12 | CC8: =IF(E8="","",VLOOKUP(B8&$BZ$1,FLNTRANSPOSE!$F$3:$DP$102,111,0)) -> 8 | CD8: =IF(E8="","",VLOOKUP(B8&$BZ$1,FLNTRANSPOSE!$F$3:$DP$102,113,0)) -> 0 | CE8: =IF(E8="","",VLOOKUP(B8&$BZ$1,FLNTRANSPOSE!$F$3:$DP$102,115,0)) -> 3 | CF8: =IF(E8="","",SUM(BZ8,CA8,CB8,CC8,CD8,CE8)) -> 39 | CG8: =IF(E8="","",VLOOKUP(B8&$CG$1,FLNTRANSPOSE!$F$3:$DP$102,105,0)) -> 0 | CH8: =IF(E8="","",VLOOKUP(B8&$CG$1,FLNTRANSPOSE!$F$3:$DP$102,107,0)) -> 0 | CI8: =IF(E8="","",VLOOKUP(B8&$CG$1,FLNTRANSPOSE!$F$3:$DP$102,109,0)) -> 23 | CJ8: =IF(E8="","",VLOOKUP(B8&$CG$1,FLNTRANSPOSE!$F$3:$DP$102,111,0)) -> 13 | CK8: =IF(E8="","",VLOOKUP(B8&$CG$1,FLNTRANSPOSE!$F$3:$DP$102,113,0)) -> 0 | CL8: =IF(E8="","",VLOOKUP(B8&$CG$1,FLNTRANSPOSE!$F$3:$DP$102,115,0)) -> 3 | CM8: =IF(E8="","",SUM(CG8,CH8,CI8,CJ8,CK8,CL8)) -> 39 | CN8: =IF(E8="","",VLOOKUP(B8&$CN$1,FLNTRANSPOSE!$F$3:$DP$102,105,0)) -> 0 | CO8: =IF(E8="","",VLOOKUP(B8&$CN$1,FLNTRANSPOSE!$F$3:$DP$102,107,0)) -> 27 | CP8: =IF(E8="","",VLOOKUP(B8&$CN$1,FLNTRANSPOSE!$F$3:$DP$102,109,0)) -> 6 | CQ8: =IF(E8="","",VLOOKUP(B8&$CN$1,FLNTRANSPOSE!$F$3:$DP$102,111,0)) -> 3 | CR8: =IF(E8="","",VLOOKUP(B8&$CN$1,FLNTRANSPOSE!$F$3:$DP$102,113,0)) -> 0 | CS8: =IF(E8="","",VLOOKUP(B8&$CN$1,FLNTRANSPOSE!$F$3:$DP$102,115,0)) -> 3 | CT8: =IF(E8="","",SUM(CN8,CO8,CP8,CQ8,CR8,CS8)) -> 39
A9: 7 | C9: 0 | E9: =IF(C9>0,MIN(C9-D9),"") | H9: =IF(F9>0,MIN(F9-G9),"") | I9: =B9&$J$1 -> HINDI | O9: =IF(F9>0,SUM(J9,K9,L9,M9,N9),"") | P9: =B9&$Q$1 -> MATHS | V9: =IF(F9>0,SUM(Q9,R9,S9,T9,U9),"") | W9: =B9&$X$1 -> ENGLISH | AC9: =IF(F9>0,SUM(X9,Y9,Z9,AA9,AB9),"") | AF9: =IF(AD9>0,MIN(AD9-AE9),"") | AG9: =B9&$AH$1 -> HINDI | AM9: =IF(AD9>0,SUM(AH9,AI9,AJ9,AK9,AL9),"") | AN9: =B9&$AO$1 -> MATHS | AT9: =IF(AD9>0,SUM(AO9,AP9,AQ9,AR9,AS9),"") | AU9: =B9&$AV$1 -> ENGLISH | BA9: =IF(AD9>0,SUM(AV9,AW9,AX9,AY9,AZ9),"") | BB9: =SUM(F9,AD9) -> 0 | BC9: =SUM(G9,AE9) -> 0 | BD9: =IF(BB9>0,MIN(BB9-BC9),"") | BE9: =B9&$BF$1 -> HINDI | BF9: =SUM(J9,AH9) -> 0 | BG9: =SUM(K9,AI9) -> 0 | BH9: =SUM(L9,AJ9) -> 0 | BI9: =SUM(M9,AK9) -> 0 | BJ9: =SUM(N9,AL9) -> 0 | BK9: =IF(BB9>0,SUM(BF9,BG9,BH9,BI9,BJ9),"") | BL9: =B9&$BM$1 -> MATHS | BM9: =SUM(Q9,AO9) -> 0 | BN9: =SUM(R9,AP9) -> 0 | BO9: =SUM(S9,AQ9) -> 0 | BP9: =SUM(T9,AR9) -> 0 | BQ9: =SUM(U9,AS9) -> 0 | BR9: =IF(BB9>0,SUM(BM9,BN9,BO9,BP9,BQ9),"") | BS9: =B9&$BT$1 -> ENGLISH | BT9: =SUM(X9,AV9) -> 0 | BU9: =SUM(Y9,AW9) -> 0 | BV9: =SUM(Z9,AX9) -> 0 | BW9: =SUM(AA9,AY9) -> 0 | BX9: =SUM(AB9,AZ9) -> 0 | BY9: =IF(BB9>0,SUM(BT9,BU9,BV9,BW9,BX9),"") | BZ9: =IF(E9="","",VLOOKUP(B9&$BZ$1,FLNTRANSPOSE!$F$3:$DP$102,105,0)) | CA9: =IF(E9="","",VLOOKUP(B9&$BZ$1,FLNTRANSPOSE!$F$3:$DP$102,107,0)) | CB9: =IF(E9="","",VLOOKUP(B9&$BZ$1,FLNTRANSPOSE!$F$3:$DP$102,109,0)) | CC9: =IF(E9="","",VLOOKUP(B9&$BZ$1,FLNTRANSPOSE!$F$3:$DP$102,111,0)) | CD9: =IF(E9="","",VLOOKUP(B9&$BZ$1,FLNTRANSPOSE!$F$3:$DP$102,113,0)) | CE9: =IF(E9="","",VLOOKUP(B9&$BZ$1,FLNTRANSPOSE!$F$3:$DP$102,115,0)) | CF9: =IF(E9="","",SUM(BZ9,CA9,CB9,CC9,CD9,CE9)) | CG9: =IF(E9="","",VLOOKUP(B9&$CG$1,FLNTRANSPOSE!$F$3:$DP$102,105,0)) | CH9: =IF(E9="","",VLOOKUP(B9&$CG$1,FLNTRANSPOSE!$F$3:$DP$102,107,0)) | CI9: =IF(E9="","",VLOOKUP(B9&$CG$1,FLNTRANSPOSE!$F$3:$DP$102,109,0)) | CJ9: =IF(E9="","",VLOOKUP(B9&$CG$1,FLNTRANSPOSE!$F$3:$DP$102,111,0)) | CK9: =IF(E9="","",VLOOKUP(B9&$CG$1,FLNTRANSPOSE!$F$3:$DP$102,113,0)) | CL9: =IF(E9="","",VLOOKUP(B9&$CG$1,FLNTRANSPOSE!$F$3:$DP$102,115,0)) | CM9: =IF(E9="","",SUM(CG9,CH9,CI9,CJ9,CK9,CL9)) | CN9: =IF(E9="","",VLOOKUP(B9&$CN$1,FLNTRANSPOSE!$F$3:$DP$102,105,0)) | CO9: =IF(E9="","",VLOOKUP(B9&$CN$1,FLNTRANSPOSE!$F$3:$DP$102,107,0)) | CP9: =IF(E9="","",VLOOKUP(B9&$CN$1,FLNTRANSPOSE!$F$3:$DP$102,109,0)) | CQ9: =IF(E9="","",VLOOKUP(B9&$CN$1,FLNTRANSPOSE!$F$3:$DP$102,111,0)) | CR9: =IF(E9="","",VLOOKUP(B9&$CN$1,FLNTRANSPOSE!$F$3:$DP$102,113,0)) | CS9: =IF(E9="","",VLOOKUP(B9&$CN$1,FLNTRANSPOSE!$F$3:$DP$102,115,0)) | CT9: =IF(E9="","",SUM(CN9,CO9,CP9,CQ9,CR9,CS9))
A10: 8 | E10: =IF(C10>0,MIN(C10-D10),"") | H10: =IF(F10>0,MIN(F10-G10),"") | I10: =B10&$J$1 -> HINDI | O10: =IF(F10>0,SUM(J10,K10,L10,M10,N10),"") | P10: =B10&$Q$1 -> MATHS | V10: =IF(F10>0,SUM(Q10,R10,S10,T10,U10),"") | W10: =B10&$X$1 -> ENGLISH | AC10: =IF(F10>0,SUM(X10,Y10,Z10,AA10,AB10),"") | AF10: =IF(AD10>0,MIN(AD10-AE10),"") | AG10: =B10&$AH$1 -> HINDI | AM10: =IF(AD10>0,SUM(AH10,AI10,AJ10,AK10,AL10),"") | AN10: =B10&$AO$1 -> MATHS | AT10: =IF(AD10>0,SUM(AO10,AP10,AQ10,AR10,AS10),"") | AU10: =B10&$AV$1 -> ENGLISH | BA10: =IF(AD10>0,SUM(AV10,AW10,AX10,AY10,AZ10),"") | BB10: =SUM(F10,AD10) -> 0 | BC10: =SUM(G10,AE10) -> 0 | BD10: =IF(BB10>0,MIN(BB10-BC10),"") | BE10: =B10&$BF$1 -> HINDI | BF10: =SUM(J10,AH10) -> 0 | BG10: =SUM(K10,AI10) -> 0 | BH10: =SUM(L10,AJ10) -> 0 | BI10: =SUM(M10,AK10) -> 0 | BJ10: =SUM(N10,AL10) -> 0 | BK10: =IF(BB10>0,SUM(BF10,BG10,BH10,BI10,BJ10),"") | BL10: =B10&$BM$1 -> MATHS | BM10: =SUM(Q10,AO10) -> 0 | BN10: =SUM(R10,AP10) -> 0 | BO10: =SUM(S10,AQ10) -> 0 | BP10: =SUM(T10,AR10) -> 0 | BQ10: =SUM(U10,AS10) -> 0 | BR10: =IF(BB10>0,SUM(BM10,BN10,BO10,BP10,BQ10),"") | BS10: =B10&$BT$1 -> ENGLISH | BT10: =SUM(X10,AV10) -> 0 | BU10: =SUM(Y10,AW10) -> 0 | BV10: =SUM(Z10,AX10) -> 0 | BW10: =SUM(AA10,AY10) -> 0 | BX10: =SUM(AB10,AZ10) -> 0 | BY10: =IF(BB10>0,SUM(BT10,BU10,BV10,BW10,BX10),"") | BZ10: =IF(E10="","",VLOOKUP(B10&$BZ$1,FLNTRANSPOSE!$F$3:$DP$102,105,0)) | CA10: =IF(E10="","",VLOOKUP(B10&$BZ$1,FLNTRANSPOSE!$F$3:$DP$102,107,0)) | CB10: =IF(E10="","",VLOOKUP(B10&$BZ$1,FLNTRANSPOSE!$F$3:$DP$102,109,0)) | CC10: =IF(E10="","",VLOOKUP(B10&$BZ$1,FLNTRANSPOSE!$F$3:$DP$102,111,0)) | CD10: =IF(E10="","",VLOOKUP(B10&$BZ$1,FLNTRANSPOSE!$F$3:$DP$102,113,0)) | CE10: =IF(E10="","",VLOOKUP(B10&$BZ$1,FLNTRANSPOSE!$F$3:$DP$102,115,0)) | CF10: =IF(E10="","",SUM(BZ10,CA10,CB10,CC10,CD10,CE10)) | CG10: =IF(E10="","",VLOOKUP(B10&$CG$1,FLNTRANSPOSE!$F$3:$DP$102,105,0)) | CH10: =IF(E10="","",VLOOKUP(B10&$CG$1,FLNTRANSPOSE!$F$3:$DP$102,107,0)) | CI10: =IF(E10="","",VLOOKUP(B10&$CG$1,FLNTRANSPOSE!$F$3:$DP$102,109,0)) | CJ10: =IF(E10="","",VLOOKUP(B10&$CG$1,FLNTRANSPOSE!$F$3:$DP$102,111,0)) | CK10: =IF(E10="","",VLOOKUP(B10&$CG$1,FLNTRANSPOSE!$F$3:$DP$102,113,0)) | CL10: =IF(E10="","",VLOOKUP(B10&$CG$1,FLNTRANSPOSE!$F$3:$DP$102,115,0)) | CM10: =IF(E10="","",SUM(CG10,CH10,CI10,CJ10,CK10,CL10)) | CN10: =IF(E10="","",VLOOKUP(B10&$CN$1,FLNTRANSPOSE!$F$3:$DP$102,105,0)) | CO10: =IF(E10="","",VLOOKUP(B10&$CN$1,FLNTRANSPOSE!$F$3:$DP$102,107,0)) | CP10: =IF(E10="","",VLOOKUP(B10&$CN$1,FLNTRANSPOSE!$F$3:$DP$102,109,0)) | CQ10: =IF(E10="","",VLOOKUP(B10&$CN$1,FLNTRANSPOSE!$F$3:$DP$102,111,0)) | CR10: =IF(E10="","",VLOOKUP(B10&$CN$1,FLNTRANSPOSE!$F$3:$DP$102,113,0)) | CS10: =IF(E10="","",VLOOKUP(B10&$CN$1,FLNTRANSPOSE!$F$3:$DP$102,115,0)) | CT10: =IF(E10="","",SUM(CN10,CO10,CP10,CQ10,CR10,CS10))
A11: 9 | E11: =IF(C11>0,MIN(C11-D11),"") | H11: =IF(F11>0,MIN(F11-G11),"") | I11: =B11&$J$1 -> HINDI | O11: =IF(F11>0,SUM(J11,K11,L11,M11,N11),"") | P11: =B11&$Q$1 -> MATHS | V11: =IF(F11>0,SUM(Q11,R11,S11,T11,U11),"") | W11: =B11&$X$1 -> ENGLISH | AC11: =IF(F11>0,SUM(X11,Y11,Z11,AA11,AB11),"") | AF11: =IF(AD11>0,MIN(AD11-AE11),"") | AG11: =B11&$AH$1 -> HINDI | AM11: =IF(AD11>0,SUM(AH11,AI11,AJ11,AK11,AL11),"") | AN11: =B11&$AO$1 -> MATHS | AT11: =IF(AD11>0,SUM(AO11,AP11,AQ11,AR11,AS11),"") | AU11: =B11&$AV$1 -> ENGLISH | BA11: =IF(AD11>0,SUM(AV11,AW11,AX11,AY11,AZ11),"") | BB11: =SUM(F11,AD11) -> 0 | BC11: =SUM(G11,AE11) -> 0 | BD11: =IF(BB11>0,MIN(BB11-BC11),"") | BE11: =B11&$BF$1 -> HINDI | BF11: =SUM(J11,AH11) -> 0 | BG11: =SUM(K11,AI11) -> 0 | BH11: =SUM(L11,AJ11) -> 0 | BI11: =SUM(M11,AK11) -> 0 | BJ11: =SUM(N11,AL11) -> 0 | BK11: =IF(BB11>0,SUM(BF11,BG11,BH11,BI11,BJ11),"") | BL11: =B11&$BM$1 -> MATHS | BM11: =SUM(Q11,AO11) -> 0 | BN11: =SUM(R11,AP11) -> 0 | BO11: =SUM(S11,AQ11) -> 0 | BP11: =SUM(T11,AR11) -> 0 | BQ11: =SUM(U11,AS11) -> 0 | BR11: =IF(BB11>0,SUM(BM11,BN11,BO11,BP11,BQ11),"") | BS11: =B11&$BT$1 -> ENGLISH | BT11: =SUM(X11,AV11) -> 0 | BU11: =SUM(Y11,AW11) -> 0 | BV11: =SUM(Z11,AX11) -> 0 | BW11: =SUM(AA11,AY11) -> 0 | BX11: =SUM(AB11,AZ11) -> 0 | BY11: =IF(BB11>0,SUM(BT11,BU11,BV11,BW11,BX11),"") | BZ11: =IF(E11="","",VLOOKUP(B11&$BZ$1,FLNTRANSPOSE!$F$3:$DP$102,105,0)) | CA11: =IF(E11="","",VLOOKUP(B11&$BZ$1,FLNTRANSPOSE!$F$3:$DP$102,107,0)) | CB11: =IF(E11="","",VLOOKUP(B11&$BZ$1,FLNTRANSPOSE!$F$3:$DP$102,109,0)) | CC11: =IF(E11="","",VLOOKUP(B11&$BZ$1,FLNTRANSPOSE!$F$3:$DP$102,111,0)) | CD11: =IF(E11="","",VLOOKUP(B11&$BZ$1,FLNTRANSPOSE!$F$3:$DP$102,113,0)) | CE11: =IF(E11="","",VLOOKUP(B11&$BZ$1,FLNTRANSPOSE!$F$3:$DP$102,115,0)) | CF11: =IF(E11="","",SUM(BZ11,CA11,CB11,CC11,CD11,CE11)) | CG11: =IF(E11="","",VLOOKUP(B11&$CG$1,FLNTRANSPOSE!$F$3:$DP$102,105,0)) | CH11: =IF(E11="","",VLOOKUP(B11&$CG$1,FLNTRANSPOSE!$F$3:$DP$102,107,0)) | CI11: =IF(E11="","",VLOOKUP(B11&$CG$1,FLNTRANSPOSE!$F$3:$DP$102,109,0)) | CJ11: =IF(E11="","",VLOOKUP(B11&$CG$1,FLNTRANSPOSE!$F$3:$DP$102,111,0)) | CK11: =IF(E11="","",VLOOKUP(B11&$CG$1,FLNTRANSPOSE!$F$3:$DP$102,113,0)) | CL11: =IF(E11="","",VLOOKUP(B11&$CG$1,FLNTRANSPOSE!$F$3:$DP$102,115,0)) | CM11: =IF(E11="","",SUM(CG11,CH11,CI11,CJ11,CK11,CL11)) | CN11: =IF(E11="","",VLOOKUP(B11&$CN$1,FLNTRANSPOSE!$F$3:$DP$102,105,0)) | CO11: =IF(E11="","",VLOOKUP(B11&$CN$1,FLNTRANSPOSE!$F$3:$DP$102,107,0)) | CP11: =IF(E11="","",VLOOKUP(B11&$CN$1,FLNTRANSPOSE!$F$3:$DP$102,109,0)) | CQ11: =IF(E11="","",VLOOKUP(B11&$CN$1,FLNTRANSPOSE!$F$3:$DP$102,111,0)) | CR11: =IF(E11="","",VLOOKUP(B11&$CN$1,FLNTRANSPOSE!$F$3:$DP$102,113,0)) | CS11: =IF(E11="","",VLOOKUP(B11&$CN$1,FLNTRANSPOSE!$F$3:$DP$102,115,0)) | CT11: =IF(E11="","",SUM(CN11,CO11,CP11,CQ11,CR11,CS11))
A12: 10 | E12: =IF(C12>0,MIN(C12-D12),"") | H12: =IF(F12>0,MIN(F12-G12),"") | I12: =B12&$J$1 -> HINDI | O12: =IF(F12>0,SUM(J12,K12,L12,M12,N12),"") | P12: =B12&$Q$1 -> MATHS | V12: =IF(F12>0,SUM(Q12,R12,S12,T12,U12),"") | W12: =B12&$X$1 -> ENGLISH | AC12: =IF(F12>0,SUM(X12,Y12,Z12,AA12,AB12),"") | AF12: =IF(AD12>0,MIN(AD12-AE12),"") | AG12: =B12&$AH$1 -> HINDI | AM12: =IF(AD12>0,SUM(AH12,AI12,AJ12,AK12,AL12),"") | AN12: =B12&$AO$1 -> MATHS | AT12: =IF(AD12>0,SUM(AO12,AP12,AQ12,AR12,AS12),"") | AU12: =B12&$AV$1 -> ENGLISH | BA12: =IF(AD12>0,SUM(AV12,AW12,AX12,AY12,AZ12),"") | BB12: =SUM(F12,AD12) -> 0 | BC12: =SUM(G12,AE12) -> 0 | BD12: =IF(BB12>0,MIN(BB12-BC12),"") | BE12: =B12&$BF$1 -> HINDI | BF12: =SUM(J12,AH12) -> 0 | BG12: =SUM(K12,AI12) -> 0 | BH12: =SUM(L12,AJ12) -> 0 | BI12: =SUM(M12,AK12) -> 0 | BJ12: =SUM(N12,AL12) -> 0 | BK12: =IF(BB12>0,SUM(BF12,BG12,BH12,BI12,BJ12),"") | BL12: =B12&$BM$1 -> MATHS | BM12: =SUM(Q12,AO12) -> 0 | BN12: =SUM(R12,AP12) -> 0 | BO12: =SUM(S12,AQ12) -> 0 | BP12: =SUM(T12,AR12) -> 0 | BQ12: =SUM(U12,AS12) -> 0 | BR12: =IF(BB12>0,SUM(BM12,BN12,BO12,BP12,BQ12),"") | BS12: =B12&$BT$1 -> ENGLISH | BT12: =SUM(X12,AV12) -> 0 | BU12: =SUM(Y12,AW12) -> 0 | BV12: =SUM(Z12,AX12) -> 0 | BW12: =SUM(AA12,AY12) -> 0 | BX12: =SUM(AB12,AZ12) -> 0 | BY12: =IF(BB12>0,SUM(BT12,BU12,BV12,BW12,BX12),"") | BZ12: =IF(E12="","",VLOOKUP(B12&$BZ$1,FLNTRANSPOSE!$F$3:$DP$102,105,0)) | CA12: =IF(E12="","",VLOOKUP(B12&$BZ$1,FLNTRANSPOSE!$F$3:$DP$102,107,0)) | CB12: =IF(E12="","",VLOOKUP(B12&$BZ$1,FLNTRANSPOSE!$F$3:$DP$102,109,0)) | CC12: =IF(E12="","",VLOOKUP(B12&$BZ$1,FLNTRANSPOSE!$F$3:$DP$102,111,0)) | CD12: =IF(E12="","",VLOOKUP(B12&$BZ$1,FLNTRANSPOSE!$F$3:$DP$102,113,0)) | CE12: =IF(E12="","",VLOOKUP(B12&$BZ$1,FLNTRANSPOSE!$F$3:$DP$102,115,0)) | CF12: =IF(E12="","",SUM(BZ12,CA12,CB12,CC12,CD12,CE12)) | CG12: =IF(E12="","",VLOOKUP(B12&$CG$1,FLNTRANSPOSE!$F$3:$DP$102,105,0)) | CH12: =IF(E12="","",VLOOKUP(B12&$CG$1,FLNTRANSPOSE!$F$3:$DP$102,107,0)) | CI12: =IF(E12="","",VLOOKUP(B12&$CG$1,FLNTRANSPOSE!$F$3:$DP$102,109,0)) | CJ12: =IF(E12="","",VLOOKUP(B12&$CG$1,FLNTRANSPOSE!$F$3:$DP$102,111,0)) | CK12: =IF(E12="","",VLOOKUP(B12&$CG$1,FLNTRANSPOSE!$F$3:$DP$102,113,0)) | CL12: =IF(E12="","",VLOOKUP(B12&$CG$1,FLNTRANSPOSE!$F$3:$DP$102,115,0)) | CM12: =IF(E12="","",SUM(CG12,CH12,CI12,CJ12,CK12,CL12)) | CN12: =IF(E12="","",VLOOKUP(B12&$CN$1,FLNTRANSPOSE!$F$3:$DP$102,105,0)) | CO12: =IF(E12="","",VLOOKUP(B12&$CN$1,FLNTRANSPOSE!$F$3:$DP$102,107,0)) | CP12: =IF(E12="","",VLOOKUP(B12&$CN$1,FLNTRANSPOSE!$F$3:$DP$102,109,0)) | CQ12: =IF(E12="","",VLOOKUP(B12&$CN$1,FLNTRANSPOSE!$F$3:$DP$102,111,0)) | CR12: =IF(E12="","",VLOOKUP(B12&$CN$1,FLNTRANSPOSE!$F$3:$DP$102,113,0)) | CS12: =IF(E12="","",VLOOKUP(B12&$CN$1,FLNTRANSPOSE!$F$3:$DP$102,115,0)) | CT12: =IF(E12="","",SUM(CN12,CO12,CP12,CQ12,CR12,CS12))
A13: 11 | E13: =IF(C13>0,MIN(C13-D13),"") | H13: =IF(F13>0,MIN(F13-G13),"") | I13: =B13&$J$1 -> HINDI | O13: =IF(F13>0,SUM(J13,K13,L13,M13,N13),"") | P13: =B13&$Q$1 -> MATHS | V13: =IF(F13>0,SUM(Q13,R13,S13,T13,U13),"") | W13: =B13&$X$1 -> ENGLISH | AC13: =IF(F13>0,SUM(X13,Y13,Z13,AA13,AB13),"") | AF13: =IF(AD13>0,MIN(AD13-AE13),"") | AG13: =B13&$AH$1 -> HINDI | AM13: =IF(AD13>0,SUM(AH13,AI13,AJ13,AK13,AL13),"") | AN13: =B13&$AO$1 -> MATHS | AT13: =IF(AD13>0,SUM(AO13,AP13,AQ13,AR13,AS13),"") | AU13: =B13&$AV$1 -> ENGLISH | BA13: =IF(AD13>0,SUM(AV13,AW13,AX13,AY13,AZ13),"") | BB13: =SUM(F13,AD13) -> 0 | BC13: =SUM(G13,AE13) -> 0 | BD13: =IF(BB13>0,MIN(BB13-BC13),"") | BE13: =B13&$BF$1 -> HINDI | BF13: =SUM(J13,AH13) -> 0 | BG13: =SUM(K13,AI13) -> 0 | BH13: =SUM(L13,AJ13) -> 0 | BI13: =SUM(M13,AK13) -> 0 | BJ13: =SUM(N13,AL13) -> 0 | BK13: =IF(BB13>0,SUM(BF13,BG13,BH13,BI13,BJ13),"") | BL13: =B13&$BM$1 -> MATHS | BM13: =SUM(Q13,AO13) -> 0 | BN13: =SUM(R13,AP13) -> 0 | BO13: =SUM(S13,AQ13) -> 0 | BP13: =SUM(T13,AR13) -> 0 | BQ13: =SUM(U13,AS13) -> 0 | BR13: =IF(BB13>0,SUM(BM13,BN13,BO13,BP13,BQ13),"") | BS13: =B13&$BT$1 -> ENGLISH | BT13: =SUM(X13,AV13) -> 0 | BU13: =SUM(Y13,AW13) -> 0 | BV13: =SUM(Z13,AX13) -> 0 | BW13: =SUM(AA13,AY13) -> 0 | BX13: =SUM(AB13,AZ13) -> 0 | BY13: =IF(BB13>0,SUM(BT13,BU13,BV13,BW13,BX13),"") | BZ13: =IF(E13="","",VLOOKUP(B13&$BZ$1,FLNTRANSPOSE!$F$3:$DP$102,105,0)) | CA13: =IF(E13="","",VLOOKUP(B13&$BZ$1,FLNTRANSPOSE!$F$3:$DP$102,107,0)) | CB13: =IF(E13="","",VLOOKUP(B13&$BZ$1,FLNTRANSPOSE!$F$3:$DP$102,109,0)) | CC13: =IF(E13="","",VLOOKUP(B13&$BZ$1,FLNTRANSPOSE!$F$3:$DP$102,111,0)) | CD13: =IF(E13="","",VLOOKUP(B13&$BZ$1,FLNTRANSPOSE!$F$3:$DP$102,113,0)) | CE13: =IF(E13="","",VLOOKUP(B13&$BZ$1,FLNTRANSPOSE!$F$3:$DP$102,115,0)) | CF13: =IF(E13="","",SUM(BZ13,CA13,CB13,CC13,CD13,CE13)) | CG13: =IF(E13="","",VLOOKUP(B13&$CG$1,FLNTRANSPOSE!$F$3:$DP$102,105,0)) | CH13: =IF(E13="","",VLOOKUP(B13&$CG$1,FLNTRANSPOSE!$F$3:$DP$102,107,0)) | CI13: =IF(E13="","",VLOOKUP(B13&$CG$1,FLNTRANSPOSE!$F$3:$DP$102,109,0)) | CJ13: =IF(E13="","",VLOOKUP(B13&$CG$1,FLNTRANSPOSE!$F$3:$DP$102,111,0)) | CK13: =IF(E13="","",VLOOKUP(B13&$CG$1,FLNTRANSPOSE!$F$3:$DP$102,113,0)) | CL13: =IF(E13="","",VLOOKUP(B13&$CG$1,FLNTRANSPOSE!$F$3:$DP$102,115,0)) | CM13: =IF(E13="","",SUM(CG13,CH13,CI13,CJ13,CK13,CL13)) | CN13: =IF(E13="","",VLOOKUP(B13&$CN$1,FLNTRANSPOSE!$F$3:$DP$102,105,0)) | CO13: =IF(E13="","",VLOOKUP(B13&$CN$1,FLNTRANSPOSE!$F$3:$DP$102,107,0)) | CP13: =IF(E13="","",VLOOKUP(B13&$CN$1,FLNTRANSPOSE!$F$3:$DP$102,109,0)) | CQ13: =IF(E13="","",VLOOKUP(B13&$CN$1,FLNTRANSPOSE!$F$3:$DP$102,111,0)) | CR13: =IF(E13="","",VLOOKUP(B13&$CN$1,FLNTRANSPOSE!$F$3:$DP$102,113,0)) | CS13: =IF(E13="","",VLOOKUP(B13&$CN$1,FLNTRANSPOSE!$F$3:$DP$102,115,0)) | CT13: =IF(E13="","",SUM(CN13,CO13,CP13,CQ13,CR13,CS13))
A14: 12 | E14: =IF(C14>0,MIN(C14-D14),"") | H14: =IF(F14>0,MIN(F14-G14),"") | I14: =B14&$J$1 -> HINDI | O14: =IF(F14>0,SUM(J14,K14,L14,M14,N14),"") | P14: =B14&$Q$1 -> MATHS | V14: =IF(F14>0,SUM(Q14,R14,S14,T14,U14),"") | W14: =B14&$X$1 -> ENGLISH | AC14: =IF(F14>0,SUM(X14,Y14,Z14,AA14,AB14),"") | AF14: =IF(AD14>0,MIN(AD14-AE14),"") | AG14: =B14&$AH$1 -> HINDI | AM14: =IF(AD14>0,SUM(AH14,AI14,AJ14,AK14,AL14),"") | AN14: =B14&$AO$1 -> MATHS | AT14: =IF(AD14>0,SUM(AO14,AP14,AQ14,AR14,AS14),"") | AU14: =B14&$AV$1 -> ENGLISH | BA14: =IF(AD14>0,SUM(AV14,AW14,AX14,AY14,AZ14),"") | BB14: =SUM(F14,AD14) -> 0 | BC14: =SUM(G14,AE14) -> 0 | BD14: =IF(BB14>0,MIN(BB14-BC14),"") | BE14: =B14&$BF$1 -> HINDI | BF14: =SUM(J14,AH14) -> 0 | BG14: =SUM(K14,AI14) -> 0 | BH14: =SUM(L14,AJ14) -> 0 | BI14: =SUM(M14,AK14) -> 0 | BJ14: =SUM(N14,AL14) -> 0 | BK14: =IF(BB14>0,SUM(BF14,BG14,BH14,BI14,BJ14),"") | BL14: =B14&$BM$1 -> MATHS | BM14: =SUM(Q14,AO14) -> 0 | BN14: =SUM(R14,AP14) -> 0 | BO14: =SUM(S14,AQ14) -> 0 | BP14: =SUM(T14,AR14) -> 0 | BQ14: =SUM(U14,AS14) -> 0 | BR14: =IF(BB14>0,SUM(BM14,BN14,BO14,BP14,BQ14),"") | BS14: =B14&$BT$1 -> ENGLISH | BT14: =SUM(X14,AV14) -> 0 | BU14: =SUM(Y14,AW14) -> 0 | BV14: =SUM(Z14,AX14) -> 0 | BW14: =SUM(AA14,AY14) -> 0 | BX14: =SUM(AB14,AZ14) -> 0 | BY14: =IF(BB14>0,SUM(BT14,BU14,BV14,BW14,BX14),"") | BZ14: =IF(E14="","",VLOOKUP(B14&$BZ$1,FLNTRANSPOSE!$F$3:$DP$102,105,0)) | CA14: =IF(E14="","",VLOOKUP(B14&$BZ$1,FLNTRANSPOSE!$F$3:$DP$102,107,0)) | CB14: =IF(E14="","",VLOOKUP(B14&$BZ$1,FLNTRANSPOSE!$F$3:$DP$102,109,0)) | CC14: =IF(E14="","",VLOOKUP(B14&$BZ$1,FLNTRANSPOSE!$F$3:$DP$102,111,0)) | CD14: =IF(E14="","",VLOOKUP(B14&$BZ$1,FLNTRANSPOSE!$F$3:$DP$102,113,0)) | CE14: =IF(E14="","",VLOOKUP(B14&$BZ$1,FLNTRANSPOSE!$F$3:$DP$102,115,0)) | CF14: =IF(E14="","",SUM(BZ14,CA14,CB14,CC14,CD14,CE14)) | CG14: =IF(E14="","",VLOOKUP(B14&$CG$1,FLNTRANSPOSE!$F$3:$DP$102,105,0)) | CH14: =IF(E14="","",VLOOKUP(B14&$CG$1,FLNTRANSPOSE!$F$3:$DP$102,107,0)) | CI14: =IF(E14="","",VLOOKUP(B14&$CG$1,FLNTRANSPOSE!$F$3:$DP$102,109,0)) | CJ14: =IF(E14="","",VLOOKUP(B14&$CG$1,FLNTRANSPOSE!$F$3:$DP$102,111,0)) | CK14: =IF(E14="","",VLOOKUP(B14&$CG$1,FLNTRANSPOSE!$F$3:$DP$102,113,0)) | CL14: =IF(E14="","",VLOOKUP(B14&$CG$1,FLNTRANSPOSE!$F$3:$DP$102,115,0)) | CM14: =IF(E14="","",SUM(CG14,CH14,CI14,CJ14,CK14,CL14)) | CN14: =IF(E14="","",VLOOKUP(B14&$CN$1,FLNTRANSPOSE!$F$3:$DP$102,105,0)) | CO14: =IF(E14="","",VLOOKUP(B14&$CN$1,FLNTRANSPOSE!$F$3:$DP$102,107,0)) | CP14: =IF(E14="","",VLOOKUP(B14&$CN$1,FLNTRANSPOSE!$F$3:$DP$102,109,0)) | CQ14: =IF(E14="","",VLOOKUP(B14&$CN$1,FLNTRANSPOSE!$F$3:$DP$102,111,0)) | CR14: =IF(E14="","",VLOOKUP(B14&$CN$1,FLNTRANSPOSE!$F$3:$DP$102,113,0)) | CS14: =IF(E14="","",VLOOKUP(B14&$CN$1,FLNTRANSPOSE!$F$3:$DP$102,115,0)) | CT14: =IF(E14="","",SUM(CN14,CO14,CP14,CQ14,CR14,CS14))
A15: 13 | E15: =IF(C15>0,MIN(C15-D15),"") | H15: =IF(F15>0,MIN(F15-G15),"") | I15: =B15&$J$1 -> HINDI | O15: =IF(F15>0,SUM(J15,K15,L15,M15,N15),"") | P15: =B15&$Q$1 -> MATHS | V15: =IF(F15>0,SUM(Q15,R15,S15,T15,U15),"") | W15: =B15&$X$1 -> ENGLISH | AC15: =IF(F15>0,SUM(X15,Y15,Z15,AA15,AB15),"") | AF15: =IF(AD15>0,MIN(AD15-AE15),"") | AG15: =B15&$AH$1 -> HINDI | AM15: =IF(AD15>0,SUM(AH15,AI15,AJ15,AK15,AL15),"") | AN15: =B15&$AO$1 -> MATHS | AT15: =IF(AD15>0,SUM(AO15,AP15,AQ15,AR15,AS15),"") | AU15: =B15&$AV$1 -> ENGLISH | BA15: =IF(AD15>0,SUM(AV15,AW15,AX15,AY15,AZ15),"") | BB15: =SUM(F15,AD15) -> 0 | BC15: =SUM(G15,AE15) -> 0 | BD15: =IF(BB15>0,MIN(BB15-BC15),"") | BE15: =B15&$BF$1 -> HINDI | BF15: =SUM(J15,AH15) -> 0 | BG15: =SUM(K15,AI15) -> 0 | BH15: =SUM(L15,AJ15) -> 0 | BI15: =SUM(M15,AK15) -> 0 | BJ15: =SUM(N15,AL15) -> 0 | BK15: =IF(BB15>0,SUM(BF15,BG15,BH15,BI15,BJ15),"") | BL15: =B15&$BM$1 -> MATHS | BM15: =SUM(Q15,AO15) -> 0 | BN15: =SUM(R15,AP15) -> 0 | BO15: =SUM(S15,AQ15) -> 0 | BP15: =SUM(T15,AR15) -> 0 | BQ15: =SUM(U15,AS15) -> 0 | BR15: =IF(BB15>0,SUM(BM15,BN15,BO15,BP15,BQ15),"") | BS15: =B15&$BT$1 -> ENGLISH | BT15: =SUM(X15,AV15) -> 0 | BU15: =SUM(Y15,AW15) -> 0 | BV15: =SUM(Z15,AX15) -> 0 | BW15: =SUM(AA15,AY15) -> 0 | BX15: =SUM(AB15,AZ15) -> 0 | BY15: =IF(BB15>0,SUM(BT15,BU15,BV15,BW15,BX15),"") | BZ15: =IF(E15="","",VLOOKUP(B15&$BZ$1,FLNTRANSPOSE!$F$3:$DP$102,105,0)) | CA15: =IF(E15="","",VLOOKUP(B15&$BZ$1,FLNTRANSPOSE!$F$3:$DP$102,107,0)) | CB15: =IF(E15="","",VLOOKUP(B15&$BZ$1,FLNTRANSPOSE!$F$3:$DP$102,109,0)) | CC15: =IF(E15="","",VLOOKUP(B15&$BZ$1,FLNTRANSPOSE!$F$3:$DP$102,111,0)) | CD15: =IF(E15="","",VLOOKUP(B15&$BZ$1,FLNTRANSPOSE!$F$3:$DP$102,113,0)) | CE15: =IF(E15="","",VLOOKUP(B15&$BZ$1,FLNTRANSPOSE!$F$3:$DP$102,115,0)) | CF15: =IF(E15="","",SUM(BZ15,CA15,CB15,CC15,CD15,CE15)) | CG15: =IF(E15="","",VLOOKUP(B15&$CG$1,FLNTRANSPOSE!$F$3:$DP$102,105,0)) | CH15: =IF(E15="","",VLOOKUP(B15&$CG$1,FLNTRANSPOSE!$F$3:$DP$102,107,0)) | CI15: =IF(E15="","",VLOOKUP(B15&$CG$1,FLNTRANSPOSE!$F$3:$DP$102,109,0)) | CJ15: =IF(E15="","",VLOOKUP(B15&$CG$1,FLNTRANSPOSE!$F$3:$DP$102,111,0)) | CK15: =IF(E15="","",VLOOKUP(B15&$CG$1,FLNTRANSPOSE!$F$3:$DP$102,113,0)) | CL15: =IF(E15="","",VLOOKUP(B15&$CG$1,FLNTRANSPOSE!$F$3:$DP$102,115,0)) | CM15: =IF(E15="","",SUM(CG15,CH15,CI15,CJ15,CK15,CL15)) | CN15: =IF(E15="","",VLOOKUP(B15&$CN$1,FLNTRANSPOSE!$F$3:$DP$102,105,0)) | CO15: =IF(E15="","",VLOOKUP(B15&$CN$1,FLNTRANSPOSE!$F$3:$DP$102,107,0)) | CP15: =IF(E15="","",VLOOKUP(B15&$CN$1,FLNTRANSPOSE!$F$3:$DP$102,109,0)) | CQ15: =IF(E15="","",VLOOKUP(B15&$CN$1,FLNTRANSPOSE!$F$3:$DP$102,111,0)) | CR15: =IF(E15="","",VLOOKUP(B15&$CN$1,FLNTRANSPOSE!$F$3:$DP$102,113,0)) | CS15: =IF(E15="","",VLOOKUP(B15&$CN$1,FLNTRANSPOSE!$F$3:$DP$102,115,0)) | CT15: =IF(E15="","",SUM(CN15,CO15,CP15,CQ15,CR15,CS15))
A16: 14 | E16: =IF(C16>0,MIN(C16-D16),"") | H16: =IF(F16>0,MIN(F16-G16),"") | I16: =B16&$J$1 -> HINDI | O16: =IF(F16>0,SUM(J16,K16,L16,M16,N16),"") | P16: =B16&$Q$1 -> MATHS | V16: =IF(F16>0,SUM(Q16,R16,S16,T16,U16),"") | W16: =B16&$X$1 -> ENGLISH | AC16: =IF(F16>0,SUM(X16,Y16,Z16,AA16,AB16),"") | AF16: =IF(AD16>0,MIN(AD16-AE16),"") | AG16: =B16&$AH$1 -> HINDI | AM16: =IF(AD16>0,SUM(AH16,AI16,AJ16,AK16,AL16),"") | AN16: =B16&$AO$1 -> MATHS | AT16: =IF(AD16>0,SUM(AO16,AP16,AQ16,AR16,AS16),"") | AU16: =B16&$AV$1 -> ENGLISH | BA16: =IF(AD16>0,SUM(AV16,AW16,AX16,AY16,AZ16),"") | BB16: =SUM(F16,AD16) -> 0 | BC16: =SUM(G16,AE16) -> 0 | BD16: =IF(BB16>0,MIN(BB16-BC16),"") | BE16: =B16&$BF$1 -> HINDI | BF16: =SUM(J16,AH16) -> 0 | BG16: =SUM(K16,AI16) -> 0 | BH16: =SUM(L16,AJ16) -> 0 | BI16: =SUM(M16,AK16) -> 0 | BJ16: =SUM(N16,AL16) -> 0 | BK16: =IF(BB16>0,SUM(BF16,BG16,BH16,BI16,BJ16),"") | BL16: =B16&$BM$1 -> MATHS | BM16: =SUM(Q16,AO16) -> 0 | BN16: =SUM(R16,AP16) -> 0 | BO16: =SUM(S16,AQ16) -> 0 | BP16: =SUM(T16,AR16) -> 0 | BQ16: =SUM(U16,AS16) -> 0 | BR16: =IF(BB16>0,SUM(BM16,BN16,BO16,BP16,BQ16),"") | BS16: =B16&$BT$1 -> ENGLISH | BT16: =SUM(X16,AV16) -> 0 | BU16: =SUM(Y16,AW16) -> 0 | BV16: =SUM(Z16,AX16) -> 0 | BW16: =SUM(AA16,AY16) -> 0 | BX16: =SUM(AB16,AZ16) -> 0 | BY16: =IF(BB16>0,SUM(BT16,BU16,BV16,BW16,BX16),"") | BZ16: =IF(E16="","",VLOOKUP(B16&$BZ$1,FLNTRANSPOSE!$F$3:$DP$102,105,0)) | CA16: =IF(E16="","",VLOOKUP(B16&$BZ$1,FLNTRANSPOSE!$F$3:$DP$102,107,0)) | CB16: =IF(E16="","",VLOOKUP(B16&$BZ$1,FLNTRANSPOSE!$F$3:$DP$102,109,0)) | CC16: =IF(E16="","",VLOOKUP(B16&$BZ$1,FLNTRANSPOSE!$F$3:$DP$102,111,0)) | CD16: =IF(E16="","",VLOOKUP(B16&$BZ$1,FLNTRANSPOSE!$F$3:$DP$102,113,0)) | CE16: =IF(E16="","",VLOOKUP(B16&$BZ$1,FLNTRANSPOSE!$F$3:$DP$102,115,0)) | CF16: =IF(E16="","",SUM(BZ16,CA16,CB16,CC16,CD16,CE16)) | CG16: =IF(E16="","",VLOOKUP(B16&$CG$1,FLNTRANSPOSE!$F$3:$DP$102,105,0)) | CH16: =IF(E16="","",VLOOKUP(B16&$CG$1,FLNTRANSPOSE!$F$3:$DP$102,107,0)) | CI16: =IF(E16="","",VLOOKUP(B16&$CG$1,FLNTRANSPOSE!$F$3:$DP$102,109,0)) | CJ16: =IF(E16="","",VLOOKUP(B16&$CG$1,FLNTRANSPOSE!$F$3:$DP$102,111,0)) | CK16: =IF(E16="","",VLOOKUP(B16&$CG$1,FLNTRANSPOSE!$F$3:$DP$102,113,0)) | CL16: =IF(E16="","",VLOOKUP(B16&$CG$1,FLNTRANSPOSE!$F$3:$DP$102,115,0)) | CM16: =IF(E16="","",SUM(CG16,CH16,CI16,CJ16,CK16,CL16)) | CN16: =IF(E16="","",VLOOKUP(B16&$CN$1,FLNTRANSPOSE!$F$3:$DP$102,105,0)) | CO16: =IF(E16="","",VLOOKUP(B16&$CN$1,FLNTRANSPOSE!$F$3:$DP$102,107,0)) | CP16: =IF(E16="","",VLOOKUP(B16&$CN$1,FLNTRANSPOSE!$F$3:$DP$102,109,0)) | CQ16: =IF(E16="","",VLOOKUP(B16&$CN$1,FLNTRANSPOSE!$F$3:$DP$102,111,0)) | CR16: =IF(E16="","",VLOOKUP(B16&$CN$1,FLNTRANSPOSE!$F$3:$DP$102,113,0)) | CS16: =IF(E16="","",VLOOKUP(B16&$CN$1,FLNTRANSPOSE!$F$3:$DP$102,115,0)) | CT16: =IF(E16="","",SUM(CN16,CO16,CP16,CQ16,CR16,CS16))
A17: 15 | E17: =IF(C17>0,MIN(C17-D17),"") | H17: =IF(F17>0,MIN(F17-G17),"") | I17: =B17&$J$1 -> HINDI | O17: =IF(F17>0,SUM(J17,K17,L17,M17,N17),"") | P17: =B17&$Q$1 -> MATHS | V17: =IF(F17>0,SUM(Q17,R17,S17,T17,U17),"") | W17: =B17&$X$1 -> ENGLISH | AC17: =IF(F17>0,SUM(X17,Y17,Z17,AA17,AB17),"") | AF17: =IF(AD17>0,MIN(AD17-AE17),"") | AG17: =B17&$AH$1 -> HINDI | AM17: =IF(AD17>0,SUM(AH17,AI17,AJ17,AK17,AL17),"") | AN17: =B17&$AO$1 -> MATHS | AT17: =IF(AD17>0,SUM(AO17,AP17,AQ17,AR17,AS17),"") | AU17: =B17&$AV$1 -> ENGLISH | BA17: =IF(AD17>0,SUM(AV17,AW17,AX17,AY17,AZ17),"") | BB17: =SUM(F17,AD17) -> 0 | BC17: =SUM(G17,AE17) -> 0 | BD17: =IF(BB17>0,MIN(BB17-BC17),"") | BE17: =B17&$BF$1 -> HINDI | BF17: =SUM(J17,AH17) -> 0 | BG17: =SUM(K17,AI17) -> 0 | BH17: =SUM(L17,AJ17) -> 0 | BI17: =SUM(M17,AK17) -> 0 | BJ17: =SUM(N17,AL17) -> 0 | BK17: =IF(BB17>0,SUM(BF17,BG17,BH17,BI17,BJ17),"") | BL17: =B17&$BM$1 -> MATHS | BM17: =SUM(Q17,AO17) -> 0 | BN17: =SUM(R17,AP17) -> 0 | BO17: =SUM(S17,AQ17) -> 0 | BP17: =SUM(T17,AR17) -> 0 | BQ17: =SUM(U17,AS17) -> 0 | BR17: =IF(BB17>0,SUM(BM17,BN17,BO17,BP17,BQ17),"") | BS17: =B17&$BT$1 -> ENGLISH | BT17: =SUM(X17,AV17) -> 0 | BU17: =SUM(Y17,AW17) -> 0 | BV17: =SUM(Z17,AX17) -> 0 | BW17: =SUM(AA17,AY17) -> 0 | BX17: =SUM(AB17,AZ17) -> 0 | BY17: =IF(BB17>0,SUM(BT17,BU17,BV17,BW17,BX17),"") | BZ17: =IF(E17="","",VLOOKUP(B17&$BZ$1,FLNTRANSPOSE!$F$3:$DP$102,105,0)) | CA17: =IF(E17="","",VLOOKUP(B17&$BZ$1,FLNTRANSPOSE!$F$3:$DP$102,107,0)) | CB17: =IF(E17="","",VLOOKUP(B17&$BZ$1,FLNTRANSPOSE!$F$3:$DP$102,109,0)) | CC17: =IF(E17="","",VLOOKUP(B17&$BZ$1,FLNTRANSPOSE!$F$3:$DP$102,111,0)) | CD17: =IF(E17="","",VLOOKUP(B17&$BZ$1,FLNTRANSPOSE!$F$3:$DP$102,113,0)) | CE17: =IF(E17="","",VLOOKUP(B17&$BZ$1,FLNTRANSPOSE!$F$3:$DP$102,115,0)) | CF17: =IF(E17="","",SUM(BZ17,CA17,CB17,CC17,CD17,CE17)) | CG17: =IF(E17="","",VLOOKUP(B17&$CG$1,FLNTRANSPOSE!$F$3:$DP$102,105,0)) | CH17: =IF(E17="","",VLOOKUP(B17&$CG$1,FLNTRANSPOSE!$F$3:$DP$102,107,0)) | CI17: =IF(E17="","",VLOOKUP(B17&$CG$1,FLNTRANSPOSE!$F$3:$DP$102,109,0)) | CJ17: =IF(E17="","",VLOOKUP(B17&$CG$1,FLNTRANSPOSE!$F$3:$DP$102,111,0)) | CK17: =IF(E17="","",VLOOKUP(B17&$CG$1,FLNTRANSPOSE!$F$3:$DP$102,113,0)) | CL17: =IF(E17="","",VLOOKUP(B17&$CG$1,FLNTRANSPOSE!$F$3:$DP$102,115,0)) | CM17: =IF(E17="","",SUM(CG17,CH17,CI17,CJ17,CK17,CL17)) | CN17: =IF(E17="","",VLOOKUP(B17&$CN$1,FLNTRANSPOSE!$F$3:$DP$102,105,0)) | CO17: =IF(E17="","",VLOOKUP(B17&$CN$1,FLNTRANSPOSE!$F$3:$DP$102,107,0)) | CP17: =IF(E17="","",VLOOKUP(B17&$CN$1,FLNTRANSPOSE!$F$3:$DP$102,109,0)) | CQ17: =IF(E17="","",VLOOKUP(B17&$CN$1,FLNTRANSPOSE!$F$3:$DP$102,111,0)) | CR17: =IF(E17="","",VLOOKUP(B17&$CN$1,FLNTRANSPOSE!$F$3:$DP$102,113,0)) | CS17: =IF(E17="","",VLOOKUP(B17&$CN$1,FLNTRANSPOSE!$F$3:$DP$102,115,0)) | CT17: =IF(E17="","",SUM(CN17,CO17,CP17,CQ17,CR17,CS17))
A18: 16 | E18: =IF(C18>0,MIN(C18-D18),"") | H18: =IF(F18>0,MIN(F18-G18),"") | I18: =B18&$J$1 -> HINDI | O18: =IF(F18>0,SUM(J18,K18,L18,M18,N18),"") | P18: =B18&$Q$1 -> MATHS | V18: =IF(F18>0,SUM(Q18,R18,S18,T18,U18),"") | W18: =B18&$X$1 -> ENGLISH | AC18: =IF(F18>0,SUM(X18,Y18,Z18,AA18,AB18),"") | AF18: =IF(AD18>0,MIN(AD18-AE18),"") | AG18: =B18&$AH$1 -> HINDI | AM18: =IF(AD18>0,SUM(AH18,AI18,AJ18,AK18,AL18),"") | AN18: =B18&$AO$1 -> MATHS | AT18: =IF(AD18>0,SUM(AO18,AP18,AQ18,AR18,AS18),"") | AU18: =B18&$AV$1 -> ENGLISH | BA18: =IF(AD18>0,SUM(AV18,AW18,AX18,AY18,AZ18),"") | BB18: =SUM(F18,AD18) -> 0 | BC18: =SUM(G18,AE18) -> 0 | BD18: =IF(BB18>0,MIN(BB18-BC18),"") | BE18: =B18&$BF$1 -> HINDI | BF18: =SUM(J18,AH18) -> 0 | BG18: =SUM(K18,AI18) -> 0 | BH18: =SUM(L18,AJ18) -> 0 | BI18: =SUM(M18,AK18) -> 0 | BJ18: =SUM(N18,AL18) -> 0 | BK18: =IF(BB18>0,SUM(BF18,BG18,BH18,BI18,BJ18),"") | BL18: =B18&$BM$1 -> MATHS | BM18: =SUM(Q18,AO18) -> 0 | BN18: =SUM(R18,AP18) -> 0 | BO18: =SUM(S18,AQ18) -> 0 | BP18: =SUM(T18,AR18) -> 0 | BQ18: =SUM(U18,AS18) -> 0 | BR18: =IF(BB18>0,SUM(BM18,BN18,BO18,BP18,BQ18),"") | BS18: =B18&$BT$1 -> ENGLISH | BT18: =SUM(X18,AV18) -> 0 | BU18: =SUM(Y18,AW18) -> 0 | BV18: =SUM(Z18,AX18) -> 0 | BW18: =SUM(AA18,AY18) -> 0 | BX18: =SUM(AB18,AZ18) -> 0 | BY18: =IF(BB18>0,SUM(BT18,BU18,BV18,BW18,BX18),"") | BZ18: =IF(E18="","",VLOOKUP(B18&$BZ$1,FLNTRANSPOSE!$F$3:$DP$102,105,0)) | CA18: =IF(E18="","",VLOOKUP(B18&$BZ$1,FLNTRANSPOSE!$F$3:$DP$102,107,0)) | CB18: =IF(E18="","",VLOOKUP(B18&$BZ$1,FLNTRANSPOSE!$F$3:$DP$102,109,0)) | CC18: =IF(E18="","",VLOOKUP(B18&$BZ$1,FLNTRANSPOSE!$F$3:$DP$102,111,0)) | CD18: =IF(E18="","",VLOOKUP(B18&$BZ$1,FLNTRANSPOSE!$F$3:$DP$102,113,0)) | CE18: =IF(E18="","",VLOOKUP(B18&$BZ$1,FLNTRANSPOSE!$F$3:$DP$102,115,0)) | CF18: =IF(E18="","",SUM(BZ18,CA18,CB18,CC18,CD18,CE18)) | CG18: =IF(E18="","",VLOOKUP(B18&$CG$1,FLNTRANSPOSE!$F$3:$DP$102,105,0)) | CH18: =IF(E18="","",VLOOKUP(B18&$CG$1,FLNTRANSPOSE!$F$3:$DP$102,107,0)) | CI18: =IF(E18="","",VLOOKUP(B18&$CG$1,FLNTRANSPOSE!$F$3:$DP$102,109,0)) | CJ18: =IF(E18="","",VLOOKUP(B18&$CG$1,FLNTRANSPOSE!$F$3:$DP$102,111,0)) | CK18: =IF(E18="","",VLOOKUP(B18&$CG$1,FLNTRANSPOSE!$F$3:$DP$102,113,0)) | CL18: =IF(E18="","",VLOOKUP(B18&$CG$1,FLNTRANSPOSE!$F$3:$DP$102,115,0)) | CM18: =IF(E18="","",SUM(CG18,CH18,CI18,CJ18,CK18,CL18)) | CN18: =IF(E18="","",VLOOKUP(B18&$CN$1,FLNTRANSPOSE!$F$3:$DP$102,105,0)) | CO18: =IF(E18="","",VLOOKUP(B18&$CN$1,FLNTRANSPOSE!$F$3:$DP$102,107,0)) | CP18: =IF(E18="","",VLOOKUP(B18&$CN$1,FLNTRANSPOSE!$F$3:$DP$102,109,0)) | CQ18: =IF(E18="","",VLOOKUP(B18&$CN$1,FLNTRANSPOSE!$F$3:$DP$102,111,0)) | CR18: =IF(E18="","",VLOOKUP(B18&$CN$1,FLNTRANSPOSE!$F$3:$DP$102,113,0)) | CS18: =IF(E18="","",VLOOKUP(B18&$CN$1,FLNTRANSPOSE!$F$3:$DP$102,115,0)) | CT18: =IF(E18="","",SUM(CN18,CO18,CP18,CQ18,CR18,CS18))
A19: 17 | E19: =IF(C19>0,MIN(C19-D19),"") | H19: =IF(F19>0,MIN(F19-G19),"") | I19: =B19&$J$1 -> HINDI | O19: =IF(F19>0,SUM(J19,K19,L19,M19,N19),"") | P19: =B19&$Q$1 -> MATHS | V19: =IF(F19>0,SUM(Q19,R19,S19,T19,U19),"") | W19: =B19&$X$1 -> ENGLISH | AC19: =IF(F19>0,SUM(X19,Y19,Z19,AA19,AB19),"") | AF19: =IF(AD19>0,MIN(AD19-AE19),"") | AG19: =B19&$AH$1 -> HINDI | AM19: =IF(AD19>0,SUM(AH19,AI19,AJ19,AK19,AL19),"") | AN19: =B19&$AO$1 -> MATHS | AT19: =IF(AD19>0,SUM(AO19,AP19,AQ19,AR19,AS19),"") | AU19: =B19&$AV$1 -> ENGLISH | BA19: =IF(AD19>0,SUM(AV19,AW19,AX19,AY19,AZ19),"") | BB19: =SUM(F19,AD19) -> 0 | BC19: =SUM(G19,AE19) -> 0 | BD19: =IF(BB19>0,MIN(BB19-BC19),"") | BE19: =B19&$BF$1 -> HINDI | BF19: =SUM(J19,AH19) -> 0 | BG19: =SUM(K19,AI19) -> 0 | BH19: =SUM(L19,AJ19) -> 0 | BI19: =SUM(M19,AK19) -> 0 | BJ19: =SUM(N19,AL19) -> 0 | BK19: =IF(BB19>0,SUM(BF19,BG19,BH19,BI19,BJ19),"") | BL19: =B19&$BM$1 -> MATHS | BM19: =SUM(Q19,AO19) -> 0 | BN19: =SUM(R19,AP19) -> 0 | BO19: =SUM(S19,AQ19) -> 0 | BP19: =SUM(T19,AR19) -> 0 | BQ19: =SUM(U19,AS19) -> 0 | BR19: =IF(BB19>0,SUM(BM19,BN19,BO19,BP19,BQ19),"") | BS19: =B19&$BT$1 -> ENGLISH | BT19: =SUM(X19,AV19) -> 0 | BU19: =SUM(Y19,AW19) -> 0 | BV19: =SUM(Z19,AX19) -> 0 | BW19: =SUM(AA19,AY19) -> 0 | BX19: =SUM(AB19,AZ19) -> 0 | BY19: =IF(BB19>0,SUM(BT19,BU19,BV19,BW19,BX19),"") | BZ19: =IF(E19="","",VLOOKUP(B19&$BZ$1,FLNTRANSPOSE!$F$3:$DP$102,105,0)) | CA19: =IF(E19="","",VLOOKUP(B19&$BZ$1,FLNTRANSPOSE!$F$3:$DP$102,107,0)) | CB19: =IF(E19="","",VLOOKUP(B19&$BZ$1,FLNTRANSPOSE!$F$3:$DP$102,109,0)) | CC19: =IF(E19="","",VLOOKUP(B19&$BZ$1,FLNTRANSPOSE!$F$3:$DP$102,111,0)) | CD19: =IF(E19="","",VLOOKUP(B19&$BZ$1,FLNTRANSPOSE!$F$3:$DP$102,113,0)) | CE19: =IF(E19="","",VLOOKUP(B19&$BZ$1,FLNTRANSPOSE!$F$3:$DP$102,115,0)) | CF19: =IF(E19="","",SUM(BZ19,CA19,CB19,CC19,CD19,CE19)) | CG19: =IF(E19="","",VLOOKUP(B19&$CG$1,FLNTRANSPOSE!$F$3:$DP$102,105,0)) | CH19: =IF(E19="","",VLOOKUP(B19&$CG$1,FLNTRANSPOSE!$F$3:$DP$102,107,0)) | CI19: =IF(E19="","",VLOOKUP(B19&$CG$1,FLNTRANSPOSE!$F$3:$DP$102,109,0)) | CJ19: =IF(E19="","",VLOOKUP(B19&$CG$1,FLNTRANSPOSE!$F$3:$DP$102,111,0)) | CK19: =IF(E19="","",VLOOKUP(B19&$CG$1,FLNTRANSPOSE!$F$3:$DP$102,113,0)) | CL19: =IF(E19="","",VLOOKUP(B19&$CG$1,FLNTRANSPOSE!$F$3:$DP$102,115,0)) | CM19: =IF(E19="","",SUM(CG19,CH19,CI19,CJ19,CK19,CL19)) | CN19: =IF(E19="","",VLOOKUP(B19&$CN$1,FLNTRANSPOSE!$F$3:$DP$102,105,0)) | CO19: =IF(E19="","",VLOOKUP(B19&$CN$1,FLNTRANSPOSE!$F$3:$DP$102,107,0)) | CP19: =IF(E19="","",VLOOKUP(B19&$CN$1,FLNTRANSPOSE!$F$3:$DP$102,109,0)) | CQ19: =IF(E19="","",VLOOKUP(B19&$CN$1,FLNTRANSPOSE!$F$3:$DP$102,111,0)) | CR19: =IF(E19="","",VLOOKUP(B19&$CN$1,FLNTRANSPOSE!$F$3:$DP$102,113,0)) | CS19: =IF(E19="","",VLOOKUP(B19&$CN$1,FLNTRANSPOSE!$F$3:$DP$102,115,0)) | CT19: =IF(E19="","",SUM(CN19,CO19,CP19,CQ19,CR19,CS19))
A20: 18 | E20: =IF(C20>0,MIN(C20-D20),"") | H20: =IF(F20>0,MIN(F20-G20),"") | I20: =B20&$J$1 -> HINDI | O20: =IF(F20>0,SUM(J20,K20,L20,M20,N20),"") | P20: =B20&$Q$1 -> MATHS | V20: =IF(F20>0,SUM(Q20,R20,S20,T20,U20),"") | W20: =B20&$X$1 -> ENGLISH | AC20: =IF(F20>0,SUM(X20,Y20,Z20,AA20,AB20),"") | AF20: =IF(AD20>0,MIN(AD20-AE20),"") | AG20: =B20&$AH$1 -> HINDI | AM20: =IF(AD20>0,SUM(AH20,AI20,AJ20,AK20,AL20),"") | AN20: =B20&$AO$1 -> MATHS | AT20: =IF(AD20>0,SUM(AO20,AP20,AQ20,AR20,AS20),"") | AU20: =B20&$AV$1 -> ENGLISH | BA20: =IF(AD20>0,SUM(AV20,AW20,AX20,AY20,AZ20),"") | BB20: =SUM(F20,AD20) -> 0 | BC20: =SUM(G20,AE20) -> 0 | BD20: =IF(BB20>0,MIN(BB20-BC20),"") | BE20: =B20&$BF$1 -> HINDI | BF20: =SUM(J20,AH20) -> 0 | BG20: =SUM(K20,AI20) -> 0 | BH20: =SUM(L20,AJ20) -> 0 | BI20: =SUM(M20,AK20) -> 0 | BJ20: =SUM(N20,AL20) -> 0 | BK20: =IF(BB20>0,SUM(BF20,BG20,BH20,BI20,BJ20),"") | BL20: =B20&$BM$1 -> MATHS | BM20: =SUM(Q20,AO20) -> 0 | BN20: =SUM(R20,AP20) -> 0 | BO20: =SUM(S20,AQ20) -> 0 | BP20: =SUM(T20,AR20) -> 0 | BQ20: =SUM(U20,AS20) -> 0 | BR20: =IF(BB20>0,SUM(BM20,BN20,BO20,BP20,BQ20),"") | BS20: =B20&$BT$1 -> ENGLISH | BT20: =SUM(X20,AV20) -> 0 | BU20: =SUM(Y20,AW20) -> 0 | BV20: =SUM(Z20,AX20) -> 0 | BW20: =SUM(AA20,AY20) -> 0 | BX20: =SUM(AB20,AZ20) -> 0 | BY20: =IF(BB20>0,SUM(BT20,BU20,BV20,BW20,BX20),"") | BZ20: =IF(E20="","",VLOOKUP(B20&$BZ$1,FLNTRANSPOSE!$F$3:$DP$102,105,0)) | CA20: =IF(E20="","",VLOOKUP(B20&$BZ$1,FLNTRANSPOSE!$F$3:$DP$102,107,0)) | CB20: =IF(E20="","",VLOOKUP(B20&$BZ$1,FLNTRANSPOSE!$F$3:$DP$102,109,0)) | CC20: =IF(E20="","",VLOOKUP(B20&$BZ$1,FLNTRANSPOSE!$F$3:$DP$102,111,0)) | CD20: =IF(E20="","",VLOOKUP(B20&$BZ$1,FLNTRANSPOSE!$F$3:$DP$102,113,0)) | CE20: =IF(E20="","",VLOOKUP(B20&$BZ$1,FLNTRANSPOSE!$F$3:$DP$102,115,0)) | CF20: =IF(E20="","",SUM(BZ20,CA20,CB20,CC20,CD20,CE20)) | CG20: =IF(E20="","",VLOOKUP(B20&$CG$1,FLNTRANSPOSE!$F$3:$DP$102,105,0)) | CH20: =IF(E20="","",VLOOKUP(B20&$CG$1,FLNTRANSPOSE!$F$3:$DP$102,107,0)) | CI20: =IF(E20="","",VLOOKUP(B20&$CG$1,FLNTRANSPOSE!$F$3:$DP$102,109,0)) | CJ20: =IF(E20="","",VLOOKUP(B20&$CG$1,FLNTRANSPOSE!$F$3:$DP$102,111,0)) | CK20: =IF(E20="","",VLOOKUP(B20&$CG$1,FLNTRANSPOSE!$F$3:$DP$102,113,0)) | CL20: =IF(E20="","",VLOOKUP(B20&$CG$1,FLNTRANSPOSE!$F$3:$DP$102,115,0)) | CM20: =IF(E20="","",SUM(CG20,CH20,CI20,CJ20,CK20,CL20)) | CN20: =IF(E20="","",VLOOKUP(B20&$CN$1,FLNTRANSPOSE!$F$3:$DP$102,105,0)) | CO20: =IF(E20="","",VLOOKUP(B20&$CN$1,FLNTRANSPOSE!$F$3:$DP$102,107,0)) | CP20: =IF(E20="","",VLOOKUP(B20&$CN$1,FLNTRANSPOSE!$F$3:$DP$102,109,0)) | CQ20: =IF(E20="","",VLOOKUP(B20&$CN$1,FLNTRANSPOSE!$F$3:$DP$102,111,0)) | CR20: =IF(E20="","",VLOOKUP(B20&$CN$1,FLNTRANSPOSE!$F$3:$DP$102,113,0)) | CS20: =IF(E20="","",VLOOKUP(B20&$CN$1,FLNTRANSPOSE!$F$3:$DP$102,115,0)) | CT20: =IF(E20="","",SUM(CN20,CO20,CP20,CQ20,CR20,CS20))
A21: 19 | E21: =IF(C21>0,MIN(C21-D21),"") | H21: =IF(F21>0,MIN(F21-G21),"") | I21: =B21&$J$1 -> HINDI | O21: =IF(F21>0,SUM(J21,K21,L21,M21,N21),"") | P21: =B21&$Q$1 -> MATHS | V21: =IF(F21>0,SUM(Q21,R21,S21,T21,U21),"") | W21: =B21&$X$1 -> ENGLISH | AC21: =IF(F21>0,SUM(X21,Y21,Z21,AA21,AB21),"") | AF21: =IF(AD21>0,MIN(AD21-AE21),"") | AG21: =B21&$AH$1 -> HINDI | AM21: =IF(AD21>0,SUM(AH21,AI21,AJ21,AK21,AL21),"") | AN21: =B21&$AO$1 -> MATHS | AT21: =IF(AD21>0,SUM(AO21,AP21,AQ21,AR21,AS21),"") | AU21: =B21&$AV$1 -> ENGLISH | BA21: =IF(AD21>0,SUM(AV21,AW21,AX21,AY21,AZ21),"") | BB21: =SUM(F21,AD21) -> 0 | BC21: =SUM(G21,AE21) -> 0 | BD21: =IF(BB21>0,MIN(BB21-BC21),"") | BE21: =B21&$BF$1 -> HINDI | BF21: =SUM(J21,AH21) -> 0 | BG21: =SUM(K21,AI21) -> 0 | BH21: =SUM(L21,AJ21) -> 0 | BI21: =SUM(M21,AK21) -> 0 | BJ21: =SUM(N21,AL21) -> 0 | BK21: =IF(BB21>0,SUM(BF21,BG21,BH21,BI21,BJ21),"") | BL21: =B21&$BM$1 -> MATHS | BM21: =SUM(Q21,AO21) -> 0 | BN21: =SUM(R21,AP21) -> 0 | BO21: =SUM(S21,AQ21) -> 0 | BP21: =SUM(T21,AR21) -> 0 | BQ21: =SUM(U21,AS21) -> 0 | BR21: =IF(BB21>0,SUM(BM21,BN21,BO21,BP21,BQ21),"") | BS21: =B21&$BT$1 -> ENGLISH | BT21: =SUM(X21,AV21) -> 0 | BU21: =SUM(Y21,AW21) -> 0 | BV21: =SUM(Z21,AX21) -> 0 | BW21: =SUM(AA21,AY21) -> 0 | BX21: =SUM(AB21,AZ21) -> 0 | BY21: =IF(BB21>0,SUM(BT21,BU21,BV21,BW21,BX21),"") | BZ21: =IF(E21="","",VLOOKUP(B21&$BZ$1,FLNTRANSPOSE!$F$3:$DP$102,105,0)) | CA21: =IF(E21="","",VLOOKUP(B21&$BZ$1,FLNTRANSPOSE!$F$3:$DP$102,107,0)) | CB21: =IF(E21="","",VLOOKUP(B21&$BZ$1,FLNTRANSPOSE!$F$3:$DP$102,109,0)) | CC21: =IF(E21="","",VLOOKUP(B21&$BZ$1,FLNTRANSPOSE!$F$3:$DP$102,111,0)) | CD21: =IF(E21="","",VLOOKUP(B21&$BZ$1,FLNTRANSPOSE!$F$3:$DP$102,113,0)) | CE21: =IF(E21="","",VLOOKUP(B21&$BZ$1,FLNTRANSPOSE!$F$3:$DP$102,115,0)) | CF21: =IF(E21="","",SUM(BZ21,CA21,CB21,CC21,CD21,CE21)) | CG21: =IF(E21="","",VLOOKUP(B21&$CG$1,FLNTRANSPOSE!$F$3:$DP$102,105,0)) | CH21: =IF(E21="","",VLOOKUP(B21&$CG$1,FLNTRANSPOSE!$F$3:$DP$102,107,0)) | CI21: =IF(E21="","",VLOOKUP(B21&$CG$1,FLNTRANSPOSE!$F$3:$DP$102,109,0)) | CJ21: =IF(E21="","",VLOOKUP(B21&$CG$1,FLNTRANSPOSE!$F$3:$DP$102,111,0)) | CK21: =IF(E21="","",VLOOKUP(B21&$CG$1,FLNTRANSPOSE!$F$3:$DP$102,113,0)) | CL21: =IF(E21="","",VLOOKUP(B21&$CG$1,FLNTRANSPOSE!$F$3:$DP$102,115,0)) | CM21: =IF(E21="","",SUM(CG21,CH21,CI21,CJ21,CK21,CL21)) | CN21: =IF(E21="","",VLOOKUP(B21&$CN$1,FLNTRANSPOSE!$F$3:$DP$102,105,0)) | CO21: =IF(E21="","",VLOOKUP(B21&$CN$1,FLNTRANSPOSE!$F$3:$DP$102,107,0)) | CP21: =IF(E21="","",VLOOKUP(B21&$CN$1,FLNTRANSPOSE!$F$3:$DP$102,109,0)) | CQ21: =IF(E21="","",VLOOKUP(B21&$CN$1,FLNTRANSPOSE!$F$3:$DP$102,111,0)) | CR21: =IF(E21="","",VLOOKUP(B21&$CN$1,FLNTRANSPOSE!$F$3:$DP$102,113,0)) | CS21: =IF(E21="","",VLOOKUP(B21&$CN$1,FLNTRANSPOSE!$F$3:$DP$102,115,0)) | CT21: =IF(E21="","",SUM(CN21,CO21,CP21,CQ21,CR21,CS21))
... A27: 25 | E27: =IF(C27>0,MIN(C27-D27),"") | H27: =IF(F27>0,MIN(F27-G27),"") | I27: =B27&$J$1 -> HINDI | O27: =IF(F27>0,SUM(J27,K27,L27,M27,N27),"") | P27: =B27&$Q$1 -> MATHS | V27: =IF(F27>0,SUM(Q27,R27,S27,T27,U27),"") | W27: =B27&$X$1 -> ENGLISH | AC27: =IF(F27>0,SUM(X27,Y27,Z27,AA27,AB27),"") | AF27: =IF(AD27>0,MIN(AD27-AE27),"") | AG27: =B27&$AH$1 -> HINDI | AM27: =IF(AD27>0,SUM(AH27,AI27,AJ27,AK27,AL27),"") | AN27: =B27&$AO$1 -> MATHS | AT27: =IF(AD27>0,SUM(AO27,AP27,AQ27,AR27,AS27),"") | AU27: =B27&$AV$1 -> ENGLISH | BA27: =IF(AD27>0,SUM(AV27,AW27,AX27,AY27,AZ27),"") | BB27: =SUM(F27,AD27) -> 0 | BC27: =SUM(G27,AE27) -> 0 | BD27: =IF(BB27>0,MIN(BB27-BC27),"") | BE27: =B27&$BF$1 -> HINDI | BF27: =SUM(J27,AH27) -> 0 | BG27: =SUM(K27,AI27) -> 0 | BH27: =SUM(L27,AJ27) -> 0 | BI27: =SUM(M27,AK27) -> 0 | BJ27: =SUM(N27,AL27) -> 0 | BK27: =IF(BB27>0,SUM(BF27,BG27,BH27,BI27,BJ27),"") | BL27: =B27&$BM$1 -> MATHS | BM27: =SUM(Q27,AO27) -> 0 | BN27: =SUM(R27,AP27) -> 0 | BO27: =SUM(S27,AQ27) -> 0 | BP27: =SUM(T27,AR27) -> 0 | BQ27: =SUM(U27,AS27) -> 0 | BR27: =IF(BB27>0,SUM(BM27,BN27,BO27,BP27,BQ27),"") | BS27: =B27&$BT$1 -> ENGLISH | BT27: =SUM(X27,AV27) -> 0 | BU27: =SUM(Y27,AW27) -> 0 | BV27: =SUM(Z27,AX27) -> 0 | BW27: =SUM(AA27,AY27) -> 0 | BX27: =SUM(AB27,AZ27) -> 0 | BY27: =IF(BB27>0,SUM(BT27,BU27,BV27,BW27,BX27),"") | BZ27: =IF(E27="","",VLOOKUP(B27&$BZ$1,FLNTRANSPOSE!$F$3:$DP$102,105,0)) | CA27: =IF(E27="","",VLOOKUP(B27&$BZ$1,FLNTRANSPOSE!$F$3:$DP$102,107,0)) | CB27: =IF(E27="","",VLOOKUP(B27&$BZ$1,FLNTRANSPOSE!$F$3:$DP$102,109,0)) | CC27: =IF(E27="","",VLOOKUP(B27&$BZ$1,FLNTRANSPOSE!$F$3:$DP$102,111,0)) | CD27: =IF(E27="","",VLOOKUP(B27&$BZ$1,FLNTRANSPOSE!$F$3:$DP$102,113,0)) | CE27: =IF(E27="","",VLOOKUP(B27&$BZ$1,FLNTRANSPOSE!$F$3:$DP$102,115,0)) | CF27: =IF(E27="","",SUM(BZ27,CA27,CB27,CC27,CD27,CE27)) | CG27: =IF(E27="","",VLOOKUP(B27&$CG$1,FLNTRANSPOSE!$F$3:$DP$102,105,0)) | CH27: =IF(E27="","",VLOOKUP(B27&$CG$1,FLNTRANSPOSE!$F$3:$DP$102,107,0)) | CI27: =IF(E27="","",VLOOKUP(B27&$CG$1,FLNTRANSPOSE!$F$3:$DP$102,109,0)) | CJ27: =IF(E27="","",VLOOKUP(B27&$CG$1,FLNTRANSPOSE!$F$3:$DP$102,111,0)) | CK27: =IF(E27="","",VLOOKUP(B27&$CG$1,FLNTRANSPOSE!$F$3:$DP$102,113,0)) | CL27: =IF(E27="","",VLOOKUP(B27&$CG$1,FLNTRANSPOSE!$F$3:$DP$102,115,0)) | CM27: =IF(E27="","",SUM(CG27,CH27,CI27,CJ27,CK27,CL27)) | CN27: =IF(E27="","",VLOOKUP(B27&$CN$1,FLNTRANSPOSE!$F$3:$DP$102,105,0)) | CO27: =IF(E27="","",VLOOKUP(B27&$CN$1,FLNTRANSPOSE!$F$3:$DP$102,107,0)) | CP27: =IF(E27="","",VLOOKUP(B27&$CN$1,FLNTRANSPOSE!$F$3:$DP$102,109,0)) | CQ27: =IF(E27="","",VLOOKUP(B27&$CN$1,FLNTRANSPOSE!$F$3:$DP$102,111,0)) | CR27: =IF(E27="","",VLOOKUP(B27&$CN$1,FLNTRANSPOSE!$F$3:$DP$102,113,0)) | CS27: =IF(E27="","",VLOOKUP(B27&$CN$1,FLNTRANSPOSE!$F$3:$DP$102,115,0)) | CT27: =IF(E27="","",SUM(CN27,CO27,CP27,CQ27,CR27,CS27))

Sheet STUDENT
A1: S. No. | B1: Class-Section | C1: Date of Admission | D1: Student Id | E1: Student Name | F1: Admission Number | G1: DOB | H1: Father's Name | I1: Mother's Name | J1: Bank A/C No. | K1: Bank Name | L1: IFSC | M1: MICR No | N1: Aadhar Card Number | O1: Category | P1: Gender | Q1: Religion | R1: Family Income | S1: Family ID | T1: Mobile No | U1: Alternate No | V1: Address | W1: PEN Number | X1: Blood Group | BB1: Date of Birth | BC1: Month | BD1: Day | BE1: Year | BF1: Month Value | BG1: Converted Date of Birth | BH1: Day | BJ1: Month | BL1: Year | BN1: Date of Birth in Words (2000 to 2050) | BO1: Category | BP1: Gender
A2: 1 | B2: =ENTRY!$D$20&"-"&ENTRY!$D$21 -> III-A | D2: 20220171896 | E2: NAKSH | F2: 14779 | G2: Oct 29 2018 | H2: NARESH | I2: SHEETAL | T2: 8171491639 | V2: PLOT NO 6 A, KH NO 36/17 INDER ENCALVE II | BB2: =G2 -> Oct 29 2018 | BC2: =LEFT(BB2,(3)) -> Oct | BD2: =MID(BB2,5,(2)) -> 29 | BE2: =RIGHT(BB2,(4)) -> 2018 | BF2: =MONTH(DATEVALUE(BC2&1)) -> #VALUE! | BG2: =DATE(BE2,BF2,BD2) -> #VALUE! | BH2: =VALUE(BD2) -> 29 | BI2: =IF(BH2=1,"FIRST",IF(BH2=2,"SECOND",IF(BH2=3,"THIRD",IF(BH2=4,"FOURTH",IF(BH2=5,"FIFTH",IF(BH2=6,"SIXTH",IF(BH2=7,"SEVENTH",IF(BH2=8,"EIGHTH",IF(BH2=9,"NINTH",IF(BH2=10,"TENTH",IF(BH2=11,"ELEVENTH",IF(BH2=12,"TWELFTH",IF(BH2=13,"THIRTEENTH",IF(BH2=14,"FOURTEENTH",IF(BH2=15,"FIFTEENTH",IF(BH2=16,"SIXTEENTH",IF(BH2=17,"SEVENTEENTH",IF(BH2=18,"EIGHTEENTH",IF(BH2=19,"NINETEENTH",IF(BH2=20,"TWENTIETH",IF(BH2=21,"TWENTY FIRST",IF(BH2=22,"TWENTY SECOND",IF(BH2=23,"TWENTY THIRD",IF(BH2=24,"TWENTY FOURTH",IF(BH2=25,"TWENTY FIFTH",IF(BH2=26,"TWENTY SIXTH",IF(BH2=27,"TWENTY SEVENTH",IF(BH2=28,"TWENTY EIGHTH",IF(BH2=29,"TWENTY NINTH",IF(BH2=30,"THIRTIETH",IF(BH2=31,"THIRTY FIRST",""))))))))))))))))))))))))))))))) -> TWENTY NINTH | BJ2: =BC2 -> Oct | BK2: =IF(BJ2="Jan","JANUARY",IF(BJ2="Feb","FEBRUARY",IF(BJ2="Mar","MARCH",IF(BJ2="Apr","APRIL",IF(BJ2="May","MAY",IF(BJ2="Jun","JUNE",IF(BJ2="Jul","JULY",IF(BJ2="Aug","AUGUST",IF(BJ2="Sep","SEPTEMBER",IF(BJ2="Oct","OCTOBER",IF(BJ2="Nov","NOVEMBER",IF(BJ2="Dec","DECEMBER")))))))))))) -> OCTOBER | BL2: =VALUE(BE2) -> 2018 | BM2: =IF(BL2=2000,"TWO THOUSAND",IF(BL2=2001,"TWO THOUSAND ONE",IF(BL2=2002,"TWO THOUSAND TWO",IF(BL2=2003,"TWO THOUSAND THREE",IF(BL2=2004,"TWO THOUSAND FOUR",IF(BL2=2005,"TWO THOUSAND FIVE",IF(BL2=2006,"TWO THOUSAND SIX",IF(BL2=2007,"TWO THOUSAND SEVEN",IF(BL2=2008,"TWO THOUSAND EIGHT",IF(BL2=2009,"TWO THOUSAND NINE",IF(BL2=2010,"TWO THOUSAND TEN",IF(BL2=2011,"TWO THOUSAND ELEVEN",IF(BL2=2012,"TWO THOUSAND TWELVE",IF(BL2=2013,"TWO THOUSAND THIRTEEN",IF(BL2=2014,"TWO THOUSAND FOURTEEN",IF(BL2=2015,"TWO THOUSAND FIFTEEN",IF(BL2=2016,"TWO THOUSAND SIXTEEN",IF(BL2=2017,"TWO THOUSAND SEVENTEEN",IF(BL2=2018,"TWO THOUSAND EIGHTEEN",IF(BL2=2019,"TWO THOUSAND NINETEEN",IF(BL2=2020,"TWO THOUSAND TWENTY",IF(BL2=2021,"TWO THOUSAND TWENTY ONE",IF(BL2=2022,"TWO THOUSAND TWENTY TWO",IF(BL2=2023,"TWO THOUSAND TWENTY THREE",IF(BL2=2024,"TWO THOUSAND TWENTY FOUR",IF(BL2=2025,"TWO THOUSAND TWENTY FIVE",IF(BL2=2026,"TWO THOUSAND TWENTY SIX",IF(BL2=2027,"TWO THOUSAND TWENTY SEVEN",IF(BL2=2028,"TWO THOUSAND TWENTY EIGHT",IF(BL2=2029,"TWO THOUSAND TWENTY NINE",IF(BL2=2030,"TWO THOUSAND THIRTY",IF(BL2=2031,"TWO THOUSAND THIRTY ONE",IF(BL2=2032,"TWO THOUSAND THIRTY TWO",IF(BL2=2033,"TWO THOUSAND THIRTY THREE",IF(BL2=2034,"TWO THOUSAND THIRTY FOUR",IF(BL2=2035,"TWO THOUSAND THIRTY FIVE",IF(BL2=2036,"TWO THOUSAND THIRTY SIX",IF(BL2=2037,"TWO THOUSAND THIRTY SEVEN",IF(BL2=2038,"TWO THOUSAND THIRTY EIGHT",IF(BL2=2039,"TWO THOUSAND THIRTY NINE",IF(BL2=2040,"TWO THOUSAND FORTY",IF(BL2=2041,"TWO THOUSAND FORTY ONE",IF(BL2=2042,"TWO THOUSAND FORTY TWO",IF(BL2=2043,"TWO THOUSAND FORTY THREE",IF(BL2=2044,"TWO THOUSAND FORTY FOUR",IF(BL2=2045,"TWO THOUSAND FORTY FIVE",IF(BL2=2046,"TWO THOUSAND FORTY SIX",IF(BL2=2047,"TWO THOUSAND FORTY SEVEN",IF(BL2=2048,"TWO THOUSAND FORTY EIGHT",IF(BL2=2049,"TWO THOUSAND FORTY NINE",IF(BL2=2050,"TWO THOUSAND FIFTY"))))))))))))))))))))))))))))))))))))))))))))))))))) -> TWO THOUSAND EIGHTEEN | BN2: =BI2&" "&BK2&" "&BM2 -> TWENTY NINTH OCTOBER TWO THOUSAND EIGHTEEN | BO2: =IF(O2="SC","SC",IF(O2="ST","ST",IF(O2="OBC","OBC",IF(O2="PH","PH",IF(Q2="Muslim","MIN",IF(Q2="Sikh","MIN",IF(Q2="Christian","MIN",IF(Q2="Jain","MIN",IF(Q2="Parsi","MIN",IF(Q2="Hindu","GEN")))))))))) -> FALSE | BP2: =IF(P2="Female","F",IF(P2="Transgender","T",IF(P2="Male","M","")))
A3: 2 | B3: =B2 -> III-A | D3: 20220354217 | E3: NAVEEN | F3: 14733 | G3: Jun 26 2018 | H3: SANJAY | I3: KIRAN | T3: 9891823845 | V3: H NO 71 GALI NO 8 PRATAP VIHAR NITHARI | BB3: =G3 -> Jun 26 2018 | BC3: =LEFT(BB3,(3)) -> Jun | BD3: =MID(BB3,5,(2)) -> 26 | BE3: =RIGHT(BB3,(4)) -> 2018 | BF3: =MONTH(DATEVALUE(BC3&1)) -> #VALUE! | BG3: =DATE(BE3,BF3,BD3) -> #VALUE! | BH3: =VALUE(BD3) -> 26 | BI3: =IF(BH3=1,"FIRST",IF(BH3=2,"SECOND",IF(BH3=3,"THIRD",IF(BH3=4,"FOURTH",IF(BH3=5,"FIFTH",IF(BH3=6,"SIXTH",IF(BH3=7,"SEVENTH",IF(BH3=8,"EIGHTH",IF(BH3=9,"NINTH",IF(BH3=10,"TENTH",IF(BH3=11,"ELEVENTH",IF(BH3=12,"TWELFTH",IF(BH3=13,"THIRTEENTH",IF(BH3=14,"FOURTEENTH",IF(BH3=15,"FIFTEENTH",IF(BH3=16,"SIXTEENTH",IF(BH3=17,"SEVENTEENTH",IF(BH3=18,"EIGHTEENTH",IF(BH3=19,"NINETEENTH",IF(BH3=20,"TWENTIETH",IF(BH3=21,"TWENTY FIRST",IF(BH3=22,"TWENTY SECOND",IF(BH3=23,"TWENTY THIRD",IF(BH3=24,"TWENTY FOURTH",IF(BH3=25,"TWENTY FIFTH",IF(BH3=26,"TWENTY SIXTH",IF(BH3=27,"TWENTY SEVENTH",IF(BH3=28,"TWENTY EIGHTH",IF(BH3=29,"TWENTY NINTH",IF(BH3=30,"THIRTIETH",IF(BH3=31,"THIRTY FIRST",""))))))))))))))))))))))))))))))) -> TWENTY SIXTH | BJ3: =BC3 -> Jun | BK3: =IF(BJ3="Jan","JANUARY",IF(BJ3="Feb","FEBRUARY",IF(BJ3="Mar","MARCH",IF(BJ3="Apr","APRIL",IF(BJ3="May","MAY",IF(BJ3="Jun","JUNE",IF(BJ3="Jul","JULY",IF(BJ3="Aug","AUGUST",IF(BJ3="Sep","SEPTEMBER",IF(BJ3="Oct","OCTOBER",IF(BJ3="Nov","NOVEMBER",IF(BJ3="Dec","DECEMBER")))))))))))) -> JUNE | BL3: =VALUE(BE3) -> 2018 | BM3: =IF(BL3=2000,"TWO THOUSAND",IF(BL3=2001,"TWO THOUSAND ONE",IF(BL3=2002,"TWO THOUSAND TWO",IF(BL3=2003,"TWO THOUSAND THREE",IF(BL3=2004,"TWO THOUSAND FOUR",IF(BL3=2005,"TWO THOUSAND FIVE",IF(BL3=2006,"TWO THOUSAND SIX",IF(BL3=2007,"TWO THOUSAND SEVEN",IF(BL3=2008,"TWO THOUSAND EIGHT",IF(BL3=2009,"TWO THOUSAND NINE",IF(BL3=2010,"TWO THOUSAND TEN",IF(BL3=2011,"TWO THOUSAND ELEVEN",IF(BL3=2012,"TWO THOUSAND TWELVE",IF(BL3=2013,"TWO THOUSAND THIRTEEN",IF(BL3=2014,"TWO THOUSAND FOURTEEN",IF(BL3=2015,"TWO THOUSAND FIFTEEN",IF(BL3=2016,"TWO THOUSAND SIXTEEN",IF(BL3=2017,"TWO THOUSAND SEVENTEEN",IF(BL3=2018,"TWO THOUSAND EIGHTEEN",IF(BL3=2019,"TWO THOUSAND NINETEEN",IF(BL3=2020,"TWO THOUSAND TWENTY",IF(BL3=2021,"TWO THOUSAND TWENTY ONE",IF(BL3=2022,"TWO THOUSAND TWENTY TWO",IF(BL3=2023,"TWO THOUSAND TWENTY THREE",IF(BL3=2024,"TWO THOUSAND TWENTY FOUR",IF(BL3=2025,"TWO THOUSAND TWENTY FIVE",IF(BL3=2026,"TWO THOUSAND TWENTY SIX",IF(BL3=2027,"TWO THOUSAND TWENTY SEVEN",IF(BL3=2028,"TWO THOUSAND TWENTY EIGHT",IF(BL3=2029,"TWO THOUSAND TWENTY NINE",IF(BL3=2030,"TWO THOUSAND THIRTY",IF(BL3=2031,"TWO THOUSAND THIRTY ONE",IF(BL3=2032,"TWO THOUSAND THIRTY TWO",IF(BL3=2033,"TWO THOUSAND THIRTY THREE",IF(BL3=2034,"TWO THOUSAND THIRTY FOUR",IF(BL3=2035,"TWO THOUSAND THIRTY FIVE",IF(BL3=2036,"TWO THOUSAND THIRTY SIX",IF(BL3=2037,"TWO THOUSAND THIRTY SEVEN",IF(BL3=2038,"TWO THOUSAND THIRTY EIGHT",IF(BL3=2039,"TWO THOUSAND THIRTY NINE",IF(BL3=2040,"TWO THOUSAND FORTY",IF(BL3=2041,"TWO THOUSAND FORTY ONE",IF(BL3=2042,"TWO THOUSAND FORTY TWO",IF(BL3=2043,"TWO THOUSAND FORTY THREE",IF(BL3=2044,"TWO THOUSAND FORTY FOUR",IF(BL3=2045,"TWO THOUSAND FORTY FIVE",IF(BL3=2046,"TWO THOUSAND FORTY SIX",IF(BL3=2047,"TWO THOUSAND FORTY SEVEN",IF(BL3=2048,"TWO THOUSAND FORTY EIGHT",IF(BL3=2049,"TWO THOUSAND FORTY NINE",IF(BL3=2050,"TWO THOUSAND FIFTY"))))))))))))))))))))))))))))))))))))))))))))))))))) -> TWO THOUSAND EIGHTEEN | BN3: =BI3&" "&BK3&" "&BM3 -> TWENTY SIXTH JUNE TWO THOUSAND EIGHTEEN | BO3: =IF(O3="SC","SC",IF(O3="ST","ST",IF(O3="OBC","OBC",IF(O3="PH","PH",IF(Q3="Muslim","MIN",IF(Q3="Sikh","MIN",IF(Q3="Christian","MIN",IF(Q3="Jain","MIN",IF(Q3="Parsi","MIN",IF(Q3="Hindu","GEN")))))))))) -> FALSE | BP3: =IF(P3="Female","F",IF(P3="Transgender","T",IF(P3="Male","M","")))
A4: 3 | B4: =B3 -> III-A | D4: 20220402586 | E4: AADITYA KUMAR | F4: 14757 | G4: Jul 22 2018 | H4: DHARMENDRA KUMAR | I4: SUSHILA DEVI | T4: 9650613386 | V4: D 5/ 155 PREM NAAGR 3 | BB4: =G4 -> Jul 22 2018 | BC4: =LEFT(BB4,(3)) -> Jul | BD4: =MID(BB4,5,(2)) -> 22 | BE4: =RIGHT(BB4,(4)) -> 2018 | BF4: =MONTH(DATEVALUE(BC4&1)) -> #VALUE! | BG4: =DATE(BE4,BF4,BD4) -> #VALUE! | BH4: =VALUE(BD4) -> 22 | BI4: =IF(BH4=1,"FIRST",IF(BH4=2,"SECOND",IF(BH4=3,"THIRD",IF(BH4=4,"FOURTH",IF(BH4=5,"FIFTH",IF(BH4=6,"SIXTH",IF(BH4=7,"SEVENTH",IF(BH4=8,"EIGHTH",IF(BH4=9,"NINTH",IF(BH4=10,"TENTH",IF(BH4=11,"ELEVENTH",IF(BH4=12,"TWELFTH",IF(BH4=13,"THIRTEENTH",IF(BH4=14,"FOURTEENTH",IF(BH4=15,"FIFTEENTH",IF(BH4=16,"SIXTEENTH",IF(BH4=17,"SEVENTEENTH",IF(BH4=18,"EIGHTEENTH",IF(BH4=19,"NINETEENTH",IF(BH4=20,"TWENTIETH",IF(BH4=21,"TWENTY FIRST",IF(BH4=22,"TWENTY SECOND",IF(BH4=23,"TWENTY THIRD",IF(BH4=24,"TWENTY FOURTH",IF(BH4=25,"TWENTY FIFTH",IF(BH4=26,"TWENTY SIXTH",IF(BH4=27,"TWENTY SEVENTH",IF(BH4=28,"TWENTY EIGHTH",IF(BH4=29,"TWENTY NINTH",IF(BH4=30,"THIRTIETH",IF(BH4=31,"THIRTY FIRST",""))))))))))))))))))))))))))))))) -> TWENTY SECOND | BJ4: =BC4 -> Jul | BK4: =IF(BJ4="Jan","JANUARY",IF(BJ4="Feb","FEBRUARY",IF(BJ4="Mar","MARCH",IF(BJ4="Apr","APRIL",IF(BJ4="May","MAY",IF(BJ4="Jun","JUNE",IF(BJ4="Jul","JULY",IF(BJ4="Aug","AUGUST",IF(BJ4="Sep","SEPTEMBER",IF(BJ4="Oct","OCTOBER",IF(BJ4="Nov","NOVEMBER",IF(BJ4="Dec","DECEMBER")))))))))))) -> JULY | BL4: =VALUE(BE4) -> 2018 | BM4: =IF(BL4=2000,"TWO THOUSAND",IF(BL4=2001,"TWO THOUSAND ONE",IF(BL4=2002,"TWO THOUSAND TWO",IF(BL4=2003,"TWO THOUSAND THREE",IF(BL4=2004,"TWO THOUSAND FOUR",IF(BL4=2005,"TWO THOUSAND FIVE",IF(BL4=2006,"TWO THOUSAND SIX",IF(BL4=2007,"TWO THOUSAND SEVEN",IF(BL4=2008,"TWO THOUSAND EIGHT",IF(BL4=2009,"TWO THOUSAND NINE",IF(BL4=2010,"TWO THOUSAND TEN",IF(BL4=2011,"TWO THOUSAND ELEVEN",IF(BL4=2012,"TWO THOUSAND TWELVE",IF(BL4=2013,"TWO THOUSAND THIRTEEN",IF(BL4=2014,"TWO THOUSAND FOURTEEN",IF(BL4=2015,"TWO THOUSAND FIFTEEN",IF(BL4=2016,"TWO THOUSAND SIXTEEN",IF(BL4=2017,"TWO THOUSAND SEVENTEEN",IF(BL4=2018,"TWO THOUSAND EIGHTEEN",IF(BL4=2019,"TWO THOUSAND NINETEEN",IF(BL4=2020,"TWO THOUSAND TWENTY",IF(BL4=2021,"TWO THOUSAND TWENTY ONE",IF(BL4=2022,"TWO THOUSAND TWENTY TWO",IF(BL4=2023,"TWO THOUSAND TWENTY THREE",IF(BL4=2024,"TWO THOUSAND TWENTY FOUR",IF(BL4=2025,"TWO THOUSAND TWENTY FIVE",IF(BL4=2026,"TWO THOUSAND TWENTY SIX",IF(BL4=2027,"TWO THOUSAND TWENTY SEVEN",IF(BL4=2028,"TWO THOUSAND TWENTY EIGHT",IF(BL4=2029,"TWO THOUSAND TWENTY NINE",IF(BL4=2030,"TWO THOUSAND THIRTY",IF(BL4=2031,"TWO THOUSAND THIRTY ONE",IF(BL4=2032,"TWO THOUSAND THIRTY TWO",IF(BL4=2033,"TWO THOUSAND THIRTY THREE",IF(BL4=2034,"TWO THOUSAND THIRTY FOUR",IF(BL4=2035,"TWO THOUSAND THIRTY FIVE",IF(BL4=2036,"TWO THOUSAND THIRTY SIX",IF(BL4=2037,"TWO THOUSAND THIRTY SEVEN",IF(BL4=2038,"TWO THOUSAND THIRTY EIGHT",IF(BL4=2039,"TWO THOUSAND THIRTY NINE",IF(BL4=2040,"TWO THOUSAND FORTY",IF(BL4=2041,"TWO THOUSAND FORTY ONE",IF(BL4=2042,"TWO THOUSAND FORTY TWO",IF(BL4=2043,"TWO THOUSAND FORTY THREE",IF(BL4=2044,"TWO THOUSAND FORTY FOUR",IF(BL4=2045,"TWO THOUSAND FORTY FIVE",IF(BL4=2046,"TWO THOUSAND FORTY SIX",IF(BL4=2047,"TWO THOUSAND FORTY SEVEN",IF(BL4=2048,"TWO THOUSAND FORTY EIGHT",IF(BL4=2049,"TWO THOUSAND FORTY NINE",IF(BL4=2050,"TWO THOUSAND FIFTY"))))))))))))))))))))))))))))))))))))))))))))))))))) -> TWO THOUSAND EIGHTEEN | BN4: =BI4&" "&BK4&" "&BM4 -> TWENTY SECOND JULY TWO THOUSAND EIGHTEEN | BO4: =IF(O4="SC","SC",IF(O4="ST","ST",IF(O4="OBC","OBC",IF(O4="PH","PH",IF(Q4="Muslim","MIN",IF(Q4="Sikh","MIN",IF(Q4="Christian","MIN",IF(Q4="Jain","MIN",IF(Q4="Parsi","MIN",IF(Q4="Hindu","GEN")))))))))) -> FALSE | BP4: =IF(P4="Female","F",IF(P4="Transgender","T",IF(P4="Male","M","")))
A5: 4 | B5: =B4 -> III-A | D5: 20220448164 | E5: PRINCE KUMAR RAY | F5: 14778 | G5: Jun 3 2018 | H5: RAMSHARAN RAY | I5: SOBHA DEVI | T5: 7053065864 | V5: B 171, GALI NO 4 INDER ENCLAVE PHASE I | BB5: =G5 -> Jun 3 2018 | BC5: =LEFT(BB5,(3)) -> Jun | BD5: =MID(BB5,5,(2)) -> 3 | BE5: =RIGHT(BB5,(4)) -> 2018 | BF5: =MONTH(DATEVALUE(BC5&1)) -> #VALUE! | BG5: =DATE(BE5,BF5,BD5) -> #VALUE! | BH5: =VALUE(BD5) -> 3 | BI5: =IF(BH5=1,"FIRST",IF(BH5=2,"SECOND",IF(BH5=3,"THIRD",IF(BH5=4,"FOURTH",IF(BH5=5,"FIFTH",IF(BH5=6,"SIXTH",IF(BH5=7,"SEVENTH",IF(BH5=8,"EIGHTH",IF(BH5=9,"NINTH",IF(BH5=10,"TENTH",IF(BH5=11,"ELEVENTH",IF(BH5=12,"TWELFTH",IF(BH5=13,"THIRTEENTH",IF(BH5=14,"FOURTEENTH",IF(BH5=15,"FIFTEENTH",IF(BH5=16,"SIXTEENTH",IF(BH5=17,"SEVENTEENTH",IF(BH5=18,"EIGHTEENTH",IF(BH5=19,"NINETEENTH",IF(BH5=20,"TWENTIETH",IF(BH5=21,"TWENTY FIRST",IF(BH5=22,"TWENTY SECOND",IF(BH5=23,"TWENTY THIRD",IF(BH5=24,"TWENTY FOURTH",IF(BH5=25,"TWENTY FIFTH",IF(BH5=26,"TWENTY SIXTH",IF(BH5=27,"TWENTY SEVENTH",IF(BH5=28,"TWENTY EIGHTH",IF(BH5=29,"TWENTY NINTH",IF(BH5=30,"THIRTIETH",IF(BH5=31,"THIRTY FIRST",""))))))))))))))))))))))))))))))) -> THIRD | BJ5: =BC5 -> Jun | BK5: =IF(BJ5="Jan","JANUARY",IF(BJ5="Feb","FEBRUARY",IF(BJ5="Mar","MARCH",IF(BJ5="Apr","APRIL",IF(BJ5="May","MAY",IF(BJ5="Jun","JUNE",IF(BJ5="Jul","JULY",IF(BJ5="Aug","AUGUST",IF(BJ5="Sep","SEPTEMBER",IF(BJ5="Oct","OCTOBER",IF(BJ5="Nov","NOVEMBER",IF(BJ5="Dec","DECEMBER")))))))))))) -> JUNE | BL5: =VALUE(BE5) -> 2018 | BM5: =IF(BL5=2000,"TWO THOUSAND",IF(BL5=2001,"TWO THOUSAND ONE",IF(BL5=2002,"TWO THOUSAND TWO",IF(BL5=2003,"TWO THOUSAND THREE",IF(BL5=2004,"TWO THOUSAND FOUR",IF(BL5=2005,"TWO THOUSAND FIVE",IF(BL5=2006,"TWO THOUSAND SIX",IF(BL5=2007,"TWO THOUSAND SEVEN",IF(BL5=2008,"TWO THOUSAND EIGHT",IF(BL5=2009,"TWO THOUSAND NINE",IF(BL5=2010,"TWO THOUSAND TEN",IF(BL5=2011,"TWO THOUSAND ELEVEN",IF(BL5=2012,"TWO THOUSAND TWELVE",IF(BL5=2013,"TWO THOUSAND THIRTEEN",IF(BL5=2014,"TWO THOUSAND FOURTEEN",IF(BL5=2015,"TWO THOUSAND FIFTEEN",IF(BL5=2016,"TWO THOUSAND SIXTEEN",IF(BL5=2017,"TWO THOUSAND SEVENTEEN",IF(BL5=2018,"TWO THOUSAND EIGHTEEN",IF(BL5=2019,"TWO THOUSAND NINETEEN",IF(BL5=2020,"TWO THOUSAND TWENTY",IF(BL5=2021,"TWO THOUSAND TWENTY ONE",IF(BL5=2022,"TWO THOUSAND TWENTY TWO",IF(BL5=2023,"TWO THOUSAND TWENTY THREE",IF(BL5=2024,"TWO THOUSAND TWENTY FOUR",IF(BL5=2025,"TWO THOUSAND TWENTY FIVE",IF(BL5=2026,"TWO THOUSAND TWENTY SIX",IF(BL5=2027,"TWO THOUSAND TWENTY SEVEN",IF(BL5=2028,"TWO THOUSAND TWENTY EIGHT",IF(BL5=2029,"TWO THOUSAND TWENTY NINE",IF(BL5=2030,"TWO THOUSAND THIRTY",IF(BL5=2031,"TWO THOUSAND THIRTY ONE",IF(BL5=2032,"TWO THOUSAND THIRTY TWO",IF(BL5=2033,"TWO THOUSAND THIRTY THREE",IF(BL5=2034,"TWO THOUSAND THIRTY FOUR",IF(BL5=2035,"TWO THOUSAND THIRTY FIVE",IF(BL5=2036,"TWO THOUSAND THIRTY SIX",IF(BL5=2037,"TWO THOUSAND THIRTY SEVEN",IF(BL5=2038,"TWO THOUSAND THIRTY EIGHT",IF(BL5=2039,"TWO THOUSAND THIRTY NINE",IF(BL5=2040,"TWO THOUSAND FORTY",IF(BL5=2041,"TWO THOUSAND FORTY ONE",IF(BL5=2042,"TWO THOUSAND FORTY TWO",IF(BL5=2043,"TWO THOUSAND FORTY THREE",IF(BL5=2044,"TWO THOUSAND FORTY FOUR",IF(BL5=2045,"TWO THOUSAND FORTY FIVE",IF(BL5=2046,"TWO THOUSAND FORTY SIX",IF(BL5=2047,"TWO THOUSAND FORTY SEVEN",IF(BL5=2048,"TWO THOUSAND FORTY EIGHT",IF(BL5=2049,"TWO THOUSAND FORTY NINE",IF(BL5=2050,"TWO THOUSAND FIFTY"))))))))))))))))))))))))))))))))))))))))))))))))))) -> TWO THOUSAND EIGHTEEN | BN5: =BI5&" "&BK5&" "&BM5 -> THIRD JUNE TWO THOUSAND EIGHTEEN | BO5: =IF(O5="SC","SC",IF(O5="ST","ST",IF(O5="OBC","OBC",IF(O5="PH","PH",IF(Q5="Muslim","MIN",IF(Q5="Sikh","MIN",IF(Q5="Christian","MIN",IF(Q5="Jain","MIN",IF(Q5="Parsi","MIN",IF(Q5="Hindu","GEN")))))))))) -> FALSE | BP5: =IF(P5="Female","F",IF(P5="Transgender","T",IF(P5="Male","M","")))
A6: 5 | B6: =B5 -> III-A | D6: 20220482313 | E6: KIRSHNA | F6: 14785 | G6: Aug 16 2018 | H6: VISHNU KASHYAP | I6: KHUSHBOO DEVI | T6: 7065572520 | V6: PLOT NO 6, KH NO 36/17 MUBARAKPUR ROAD, A BLOCK , INDER ENCLAVE PHASE-2 | BB6: =G6 -> Aug 16 2018 | BC6: =LEFT(BB6,(3)) -> Aug | BD6: =MID(BB6,5,(2)) -> 16 | BE6: =RIGHT(BB6,(4)) -> 2018 | BF6: =MONTH(DATEVALUE(BC6&1)) -> #VALUE! | BG6: =DATE(BE6,BF6,BD6) -> #VALUE! | BH6: =VALUE(BD6) -> 16 | BI6: =IF(BH6=1,"FIRST",IF(BH6=2,"SECOND",IF(BH6=3,"THIRD",IF(BH6=4,"FOURTH",IF(BH6=5,"FIFTH",IF(BH6=6,"SIXTH",IF(BH6=7,"SEVENTH",IF(BH6=8,"EIGHTH",IF(BH6=9,"NINTH",IF(BH6=10,"TENTH",IF(BH6=11,"ELEVENTH",IF(BH6=12,"TWELFTH",IF(BH6=13,"THIRTEENTH",IF(BH6=14,"FOURTEENTH",IF(BH6=15,"FIFTEENTH",IF(BH6=16,"SIXTEENTH",IF(BH6=17,"SEVENTEENTH",IF(BH6=18,"EIGHTEENTH",IF(BH6=19,"NINETEENTH",IF(BH6=20,"TWENTIETH",IF(BH6=21,"TWENTY FIRST",IF(BH6=22,"TWENTY SECOND",IF(BH6=23,"TWENTY THIRD",IF(BH6=24,"TWENTY FOURTH",IF(BH6=25,"TWENTY FIFTH",IF(BH6=26,"TWENTY SIXTH",IF(BH6=27,"TWENTY SEVENTH",IF(BH6=28,"TWENTY EIGHTH",IF(BH6=29,"TWENTY NINTH",IF(BH6=30,"THIRTIETH",IF(BH6=31,"THIRTY FIRST",""))))))))))))))))))))))))))))))) -> SIXTEENTH | BJ6: =BC6 -> Aug | BK6: =IF(BJ6="Jan","JANUARY",IF(BJ6="Feb","FEBRUARY",IF(BJ6="Mar","MARCH",IF(BJ6="Apr","APRIL",IF(BJ6="May","MAY",IF(BJ6="Jun","JUNE",IF(BJ6="Jul","JULY",IF(BJ6="Aug","AUGUST",IF(BJ6="Sep","SEPTEMBER",IF(BJ6="Oct","OCTOBER",IF(BJ6="Nov","NOVEMBER",IF(BJ6="Dec","DECEMBER")))))))))))) -> AUGUST | BL6: =VALUE(BE6) -> 2018 | BM6: =IF(BL6=2000,"TWO THOUSAND",IF(BL6=2001,"TWO THOUSAND ONE",IF(BL6=2002,"TWO THOUSAND TWO",IF(BL6=2003,"TWO THOUSAND THREE",IF(BL6=2004,"TWO THOUSAND FOUR",IF(BL6=2005,"TWO THOUSAND FIVE",IF(BL6=2006,"TWO THOUSAND SIX",IF(BL6=2007,"TWO THOUSAND SEVEN",IF(BL6=2008,"TWO THOUSAND EIGHT",IF(BL6=2009,"TWO THOUSAND NINE",IF(BL6=2010,"TWO THOUSAND TEN",IF(BL6=2011,"TWO THOUSAND ELEVEN",IF(BL6=2012,"TWO THOUSAND TWELVE",IF(BL6=2013,"TWO THOUSAND THIRTEEN",IF(BL6=2014,"TWO THOUSAND FOURTEEN",IF(BL6=2015,"TWO THOUSAND FIFTEEN",IF(BL6=2016,"TWO THOUSAND SIXTEEN",IF(BL6=2017,"TWO THOUSAND SEVENTEEN",IF(BL6=2018,"TWO THOUSAND EIGHTEEN",IF(BL6=2019,"TWO THOUSAND NINETEEN",IF(BL6=2020,"TWO THOUSAND TWENTY",IF(BL6=2021,"TWO THOUSAND TWENTY ONE",IF(BL6=2022,"TWO THOUSAND TWENTY TWO",IF(BL6=2023,"TWO THOUSAND TWENTY THREE",IF(BL6=2024,"TWO THOUSAND TWENTY FOUR",IF(BL6=2025,"TWO THOUSAND TWENTY FIVE",IF(BL6=2026,"TWO THOUSAND TWENTY SIX",IF(BL6=2027,"TWO THOUSAND TWENTY SEVEN",IF(BL6=2028,"TWO THOUSAND TWENTY EIGHT",IF(BL6=2029,"TWO THOUSAND TWENTY NINE",IF(BL6=2030,"TWO THOUSAND THIRTY",IF(BL6=2031,"TWO THOUSAND THIRTY ONE",IF(BL6=2032,"TWO THOUSAND THIRTY TWO",IF(BL6=2033,"TWO THOUSAND THIRTY THREE",IF(BL6=2034,"TWO THOUSAND THIRTY FOUR",IF(BL6=2035,"TWO THOUSAND THIRTY FIVE",IF(BL6=2036,"TWO THOUSAND THIRTY SIX",IF(BL6=2037,"TWO THOUSAND THIRTY SEVEN",IF(BL6=2038,"TWO THOUSAND THIRTY EIGHT",IF(BL6=2039,"TWO THOUSAND THIRTY NINE",IF(BL6=2040,"TWO THOUSAND FORTY",IF(BL6=2041,"TWO THOUSAND FORTY ONE",IF(BL6=2042,"TWO THOUSAND FORTY TWO",IF(BL6=2043,"TWO THOUSAND FORTY THREE",IF(BL6=2044,"TWO THOUSAND FORTY FOUR",IF(BL6=2045,"TWO THOUSAND FORTY FIVE",IF(BL6=2046,"TWO THOUSAND FORTY SIX",IF(BL6=2047,"TWO THOUSAND FORTY SEVEN",IF(BL6=2048,"TWO THOUSAND FORTY EIGHT",IF(BL6=2049,"TWO THOUSAND FORTY NINE",IF(BL6=2050,"TWO THOUSAND FIFTY"))))))))))))))))))))))))))))))))))))))))))))))))))) -> TWO THOUSAND EIGHTEEN | BN6: =BI6&" "&BK6&" "&BM6 -> SIXTEENTH AUGUST TWO THOUSAND EIGHTEEN | BO6: =IF(O6="SC","SC",IF(O6="ST","ST",IF(O6="OBC","OBC",IF(O6="PH","PH",IF(Q6="Muslim","MIN",IF(Q6="Sikh","MIN",IF(Q6="Christian","MIN",IF(Q6="Jain","MIN",IF(Q6="Parsi","MIN",IF(Q6="Hindu","GEN")))))))))) -> FALSE | BP6: =IF(P6="Female","F",IF(P6="Transgender","T",IF(P6="Male","M","")))
A7: 6 | B7: =B6 -> III-A | D7: 20230048303 | E7: MD SOPHIYAN ALAM | F7: 14780 | G7: Jun 23 2018 | H7: MD TABREJ ALAM | I7: ISRAT BEGUM | T7: 9934652072 | V7: KH NO 26/6 BLOCK F INDER ENCLAVE II | BB7: =G7 -> Jun 23 2018 | BC7: =LEFT(BB7,(3)) -> Jun | BD7: =MID(BB7,5,(2)) -> 23 | BE7: =RIGHT(BB7,(4)) -> 2018 | BF7: =MONTH(DATEVALUE(BC7&1)) -> #VALUE! | BG7: =DATE(BE7,BF7,BD7) -> #VALUE! | BH7: =VALUE(BD7) -> 23 | BI7: =IF(BH7=1,"FIRST",IF(BH7=2,"SECOND",IF(BH7=3,"THIRD",IF(BH7=4,"FOURTH",IF(BH7=5,"FIFTH",IF(BH7=6,"SIXTH",IF(BH7=7,"SEVENTH",IF(BH7=8,"EIGHTH",IF(BH7=9,"NINTH",IF(BH7=10,"TENTH",IF(BH7=11,"ELEVENTH",IF(BH7=12,"TWELFTH",IF(BH7=13,"THIRTEENTH",IF(BH7=14,"FOURTEENTH",IF(BH7=15,"FIFTEENTH",IF(BH7=16,"SIXTEENTH",IF(BH7=17,"SEVENTEENTH",IF(BH7=18,"EIGHTEENTH",IF(BH7=19,"NINETEENTH",IF(BH7=20,"TWENTIETH",IF(BH7=21,"TWENTY FIRST",IF(BH7=22,"TWENTY SECOND",IF(BH7=23,"TWENTY THIRD",IF(BH7=24,"TWENTY FOURTH",IF(BH7=25,"TWENTY FIFTH",IF(BH7=26,"TWENTY SIXTH",IF(BH7=27,"TWENTY SEVENTH",IF(BH7=28,"TWENTY EIGHTH",IF(BH7=29,"TWENTY NINTH",IF(BH7=30,"THIRTIETH",IF(BH7=31,"THIRTY FIRST",""))))))))))))))))))))))))))))))) -> TWENTY THIRD | BJ7: =BC7 -> Jun | BK7: =IF(BJ7="Jan","JANUARY",IF(BJ7="Feb","FEBRUARY",IF(BJ7="Mar","MARCH",IF(BJ7="Apr","APRIL",IF(BJ7="May","MAY",IF(BJ7="Jun","JUNE",IF(BJ7="Jul","JULY",IF(BJ7="Aug","AUGUST",IF(BJ7="Sep","SEPTEMBER",IF(BJ7="Oct","OCTOBER",IF(BJ7="Nov","NOVEMBER",IF(BJ7="Dec","DECEMBER")))))))))))) -> JUNE | BL7: =VALUE(BE7) -> 2018 | BM7: =IF(BL7=2000,"TWO THOUSAND",IF(BL7=2001,"TWO THOUSAND ONE",IF(BL7=2002,"TWO THOUSAND TWO",IF(BL7=2003,"TWO THOUSAND THREE",IF(BL7=2004,"TWO THOUSAND FOUR",IF(BL7=2005,"TWO THOUSAND FIVE",IF(BL7=2006,"TWO THOUSAND SIX",IF(BL7=2007,"TWO THOUSAND SEVEN",IF(BL7=2008,"TWO THOUSAND EIGHT",IF(BL7=2009,"TWO THOUSAND NINE",IF(BL7=2010,"TWO THOUSAND TEN",IF(BL7=2011,"TWO THOUSAND ELEVEN",IF(BL7=2012,"TWO THOUSAND TWELVE",IF(BL7=2013,"TWO THOUSAND THIRTEEN",IF(BL7=2014,"TWO THOUSAND FOURTEEN",IF(BL7=2015,"TWO THOUSAND FIFTEEN",IF(BL7=2016,"TWO THOUSAND SIXTEEN",IF(BL7=2017,"TWO THOUSAND SEVENTEEN",IF(BL7=2018,"TWO THOUSAND EIGHTEEN",IF(BL7=2019,"TWO THOUSAND NINETEEN",IF(BL7=2020,"TWO THOUSAND TWENTY",IF(BL7=2021,"TWO THOUSAND TWENTY ONE",IF(BL7=2022,"TWO THOUSAND TWENTY TWO",IF(BL7=2023,"TWO THOUSAND TWENTY THREE",IF(BL7=2024,"TWO THOUSAND TWENTY FOUR",IF(BL7=2025,"TWO THOUSAND TWENTY FIVE",IF(BL7=2026,"TWO THOUSAND TWENTY SIX",IF(BL7=2027,"TWO THOUSAND TWENTY SEVEN",IF(BL7=2028,"TWO THOUSAND TWENTY EIGHT",IF(BL7=2029,"TWO THOUSAND TWENTY NINE",IF(BL7=2030,"TWO THOUSAND THIRTY",IF(BL7=2031,"TWO THOUSAND THIRTY ONE",IF(BL7=2032,"TWO THOUSAND THIRTY TWO",IF(BL7=2033,"TWO THOUSAND THIRTY THREE",IF(BL7=2034,"TWO THOUSAND THIRTY FOUR",IF(BL7=2035,"TWO THOUSAND THIRTY FIVE",IF(BL7=2036,"TWO THOUSAND THIRTY SIX",IF(BL7=2037,"TWO THOUSAND THIRTY SEVEN",IF(BL7=2038,"TWO THOUSAND THIRTY EIGHT",IF(BL7=2039,"TWO THOUSAND THIRTY NINE",IF(BL7=2040,"TWO THOUSAND FORTY",IF(BL7=2041,"TWO THOUSAND FORTY ONE",IF(BL7=2042,"TWO THOUSAND FORTY TWO",IF(BL7=2043,"TWO THOUSAND FORTY THREE",IF(BL7=2044,"TWO THOUSAND FORTY FOUR",IF(BL7=2045,"TWO THOUSAND FORTY FIVE",IF(BL7=2046,"TWO THOUSAND FORTY SIX",IF(BL7=2047,"TWO THOUSAND FORTY SEVEN",IF(BL7=2048,"TWO THOUSAND FORTY EIGHT",IF(BL7=2049,"TWO THOUSAND FORTY NINE",IF(BL7=2050,"TWO THOUSAND FIFTY"))))))))))))))))))))))))))))))))))))))))))))))))))) -> TWO THOUSAND EIGHTEEN | BN7: =BI7&" "&BK7&" "&BM7 -> TWENTY THIRD JUNE TWO THOUSAND EIGHTEEN | BO7: =IF(O7="SC","SC",IF(O7="ST","ST",IF(O7="OBC","OBC",IF(O7="PH","PH",IF(Q7="Muslim","MIN",IF(Q7="Sikh","MIN",IF(Q7="Christian","MIN",IF(Q7="Jain","MIN",IF(Q7="Parsi","MIN",IF(Q7="Hindu","GEN")))))))))) -> FALSE | BP7: =IF(P7="Female","F",IF(P7="Transgender","T",IF(P7="Male","M","")))
A8: 7 | B8: =B7 -> III-A | D8: 20230083520 | E8: MD SAUBAN | F8: 14773 | G8: Jan 31 2019 | H8: MD IRSHAD | I8: MUSRAT PARVEEN | T8: 8285037309 | V8: E49 A INDER ENCLAVE 2 | BB8: =G8 -> Jan 31 2019 | BC8: =LEFT(BB8,(3)) -> Jan | BD8: =MID(BB8,5,(2)) -> 31 | BE8: =RIGHT(BB8,(4)) -> 2019 | BF8: =MONTH(DATEVALUE(BC8&1)) -> #VALUE! | BG8: =DATE(BE8,BF8,BD8) -> #VALUE! | BH8: =VALUE(BD8) -> 31 | BI8: =IF(BH8=1,"FIRST",IF(BH8=2,"SECOND",IF(BH8=3,"THIRD",IF(BH8=4,"FOURTH",IF(BH8=5,"FIFTH",IF(BH8=6,"SIXTH",IF(BH8=7,"SEVENTH",IF(BH8=8,"EIGHTH",IF(BH8=9,"NINTH",IF(BH8=10,"TENTH",IF(BH8=11,"ELEVENTH",IF(BH8=12,"TWELFTH",IF(BH8=13,"THIRTEENTH",IF(BH8=14,"FOURTEENTH",IF(BH8=15,"FIFTEENTH",IF(BH8=16,"SIXTEENTH",IF(BH8=17,"SEVENTEENTH",IF(BH8=18,"EIGHTEENTH",IF(BH8=19,"NINETEENTH",IF(BH8=20,"TWENTIETH",IF(BH8=21,"TWENTY FIRST",IF(BH8=22,"TWENTY SECOND",IF(BH8=23,"TWENTY THIRD",IF(BH8=24,"TWENTY FOURTH",IF(BH8=25,"TWENTY FIFTH",IF(BH8=26,"TWENTY SIXTH",IF(BH8=27,"TWENTY SEVENTH",IF(BH8=28,"TWENTY EIGHTH",IF(BH8=29,"TWENTY NINTH",IF(BH8=30,"THIRTIETH",IF(BH8=31,"THIRTY FIRST",""))))))))))))))))))))))))))))))) -> THIRTY FIRST | BJ8: =BC8 -> Jan | BK8: =IF(BJ8="Jan","JANUARY",IF(BJ8="Feb","FEBRUARY",IF(BJ8="Mar","MARCH",IF(BJ8="Apr","APRIL",IF(BJ8="May","MAY",IF(BJ8="Jun","JUNE",IF(BJ8="Jul","JULY",IF(BJ8="Aug","AUGUST",IF(BJ8="Sep","SEPTEMBER",IF(BJ8="Oct","OCTOBER",IF(BJ8="Nov","NOVEMBER",IF(BJ8="Dec","DECEMBER")))))))))))) -> JANUARY | BL8: =VALUE(BE8) -> 2019 | BM8: =IF(BL8=2000,"TWO THOUSAND",IF(BL8=2001,"TWO THOUSAND ONE",IF(BL8=2002,"TWO THOUSAND TWO",IF(BL8=2003,"TWO THOUSAND THREE",IF(BL8=2004,"TWO THOUSAND FOUR",IF(BL8=2005,"TWO THOUSAND FIVE",IF(BL8=2006,"TWO THOUSAND SIX",IF(BL8=2007,"TWO THOUSAND SEVEN",IF(BL8=2008,"TWO THOUSAND EIGHT",IF(BL8=2009,"TWO THOUSAND NINE",IF(BL8=2010,"TWO THOUSAND TEN",IF(BL8=2011,"TWO THOUSAND ELEVEN",IF(BL8=2012,"TWO THOUSAND TWELVE",IF(BL8=2013,"TWO THOUSAND THIRTEEN",IF(BL8=2014,"TWO THOUSAND FOURTEEN",IF(BL8=2015,"TWO THOUSAND FIFTEEN",IF(BL8=2016,"TWO THOUSAND SIXTEEN",IF(BL8=2017,"TWO THOUSAND SEVENTEEN",IF(BL8=2018,"TWO THOUSAND EIGHTEEN",IF(BL8=2019,"TWO THOUSAND NINETEEN",IF(BL8=2020,"TWO THOUSAND TWENTY",IF(BL8=2021,"TWO THOUSAND TWENTY ONE",IF(BL8=2022,"TWO THOUSAND TWENTY TWO",IF(BL8=2023,"TWO THOUSAND TWENTY THREE",IF(BL8=2024,"TWO THOUSAND TWENTY FOUR",IF(BL8=2025,"TWO THOUSAND TWENTY FIVE",IF(BL8=2026,"TWO THOUSAND TWENTY SIX",IF(BL8=2027,"TWO THOUSAND TWENTY SEVEN",IF(BL8=2028,"TWO THOUSAND TWENTY EIGHT",IF(BL8=2029,"TWO THOUSAND TWENTY NINE",IF(BL8=2030,"TWO THOUSAND THIRTY",IF(BL8=2031,"TWO THOUSAND THIRTY ONE",IF(BL8=2032,"TWO THOUSAND THIRTY TWO",IF(BL8=2033,"TWO THOUSAND THIRTY THREE",IF(BL8=2034,"TWO THOUSAND THIRTY FOUR",IF(BL8=2035,"TWO THOUSAND THIRTY FIVE",IF(BL8=2036,"TWO THOUSAND THIRTY SIX",IF(BL8=2037,"TWO THOUSAND THIRTY SEVEN",IF(BL8=2038,"TWO THOUSAND THIRTY EIGHT",IF(BL8=2039,"TWO THOUSAND THIRTY NINE",IF(BL8=2040,"TWO THOUSAND FORTY",IF(BL8=2041,"TWO THOUSAND FORTY ONE",IF(BL8=2042,"TWO THOUSAND FORTY TWO",IF(BL8=2043,"TWO THOUSAND FORTY THREE",IF(BL8=2044,"TWO THOUSAND FORTY FOUR",IF(BL8=2045,"TWO THOUSAND FORTY FIVE",IF(BL8=2046,"TWO THOUSAND FORTY SIX",IF(BL8=2047,"TWO THOUSAND FORTY SEVEN",IF(BL8=2048,"TWO THOUSAND FORTY EIGHT",IF(BL8=2049,"TWO THOUSAND FORTY NINE",IF(BL8=2050,"TWO THOUSAND FIFTY"))))))))))))))))))))))))))))))))))))))))))))))))))) -> TWO THOUSAND NINETEEN | BN8: =BI8&" "&BK8&" "&BM8 -> THIRTY FIRST JANUARY TWO THOUSAND NINETEEN | BO8: =IF(O8="SC","SC",IF(O8="ST","ST",IF(O8="OBC","OBC",IF(O8="PH","PH",IF(Q8="Muslim","MIN",IF(Q8="Sikh","MIN",IF(Q8="Christian","MIN",IF(Q8="Jain","MIN",IF(Q8="Parsi","MIN",IF(Q8="Hindu","GEN")))))))))) -> FALSE | BP8: =IF(P8="Female","F",IF(P8="Transgender","T",IF(P8="Male","M","")))
A9: 8 | B9: =B8 -> III-A | D9: 20230095636 | E9: DEEPANSHU | F9: 14769 | G9: Jul 26 2018 | H9: AKHILESH KUMAR | I9: GUDIYA DEVI | T9: 8743977680 | V9: G 225/8 JANTA ENCLAVE PREM NAGAR | BB9: =G9 -> Jul 26 2018 | BC9: =LEFT(BB9,(3)) -> Jul | BD9: =MID(BB9,5,(2)) -> 26 | BE9: =RIGHT(BB9,(4)) -> 2018 | BF9: =MONTH(DATEVALUE(BC9&1)) -> #VALUE! | BG9: =DATE(BE9,BF9,BD9) -> #VALUE! | BH9: =VALUE(BD9) -> 26 | BI9: =IF(BH9=1,"FIRST",IF(BH9=2,"SECOND",IF(BH9=3,"THIRD",IF(BH9=4,"FOURTH",IF(BH9=5,"FIFTH",IF(BH9=6,"SIXTH",IF(BH9=7,"SEVENTH",IF(BH9=8,"EIGHTH",IF(BH9=9,"NINTH",IF(BH9=10,"TENTH",IF(BH9=11,"ELEVENTH",IF(BH9=12,"TWELFTH",IF(BH9=13,"THIRTEENTH",IF(BH9=14,"FOURTEENTH",IF(BH9=15,"FIFTEENTH",IF(BH9=16,"SIXTEENTH",IF(BH9=17,"SEVENTEENTH",IF(BH9=18,"EIGHTEENTH",IF(BH9=19,"NINETEENTH",IF(BH9=20,"TWENTIETH",IF(BH9=21,"TWENTY FIRST",IF(BH9=22,"TWENTY SECOND",IF(BH9=23,"TWENTY THIRD",IF(BH9=24,"TWENTY FOURTH",IF(BH9=25,"TWENTY FIFTH",IF(BH9=26,"TWENTY SIXTH",IF(BH9=27,"TWENTY SEVENTH",IF(BH9=28,"TWENTY EIGHTH",IF(BH9=29,"TWENTY NINTH",IF(BH9=30,"THIRTIETH",IF(BH9=31,"THIRTY FIRST",""))))))))))))))))))))))))))))))) -> TWENTY SIXTH | BJ9: =BC9 -> Jul | BK9: =IF(BJ9="Jan","JANUARY",IF(BJ9="Feb","FEBRUARY",IF(BJ9="Mar","MARCH",IF(BJ9="Apr","APRIL",IF(BJ9="May","MAY",IF(BJ9="Jun","JUNE",IF(BJ9="Jul","JULY",IF(BJ9="Aug","AUGUST",IF(BJ9="Sep","SEPTEMBER",IF(BJ9="Oct","OCTOBER",IF(BJ9="Nov","NOVEMBER",IF(BJ9="Dec","DECEMBER")))))))))))) -> JULY | BL9: =VALUE(BE9) -> 2018 | BM9: =IF(BL9=2000,"TWO THOUSAND",IF(BL9=2001,"TWO THOUSAND ONE",IF(BL9=2002,"TWO THOUSAND TWO",IF(BL9=2003,"TWO THOUSAND THREE",IF(BL9=2004,"TWO THOUSAND FOUR",IF(BL9=2005,"TWO THOUSAND FIVE",IF(BL9=2006,"TWO THOUSAND SIX",IF(BL9=2007,"TWO THOUSAND SEVEN",IF(BL9=2008,"TWO THOUSAND EIGHT",IF(BL9=2009,"TWO THOUSAND NINE",IF(BL9=2010,"TWO THOUSAND TEN",IF(BL9=2011,"TWO THOUSAND ELEVEN",IF(BL9=2012,"TWO THOUSAND TWELVE",IF(BL9=2013,"TWO THOUSAND THIRTEEN",IF(BL9=2014,"TWO THOUSAND FOURTEEN",IF(BL9=2015,"TWO THOUSAND FIFTEEN",IF(BL9=2016,"TWO THOUSAND SIXTEEN",IF(BL9=2017,"TWO THOUSAND SEVENTEEN",IF(BL9=2018,"TWO THOUSAND EIGHTEEN",IF(BL9=2019,"TWO THOUSAND NINETEEN",IF(BL9=2020,"TWO THOUSAND TWENTY",IF(BL9=2021,"TWO THOUSAND TWENTY ONE",IF(BL9=2022,"TWO THOUSAND TWENTY TWO",IF(BL9=2023,"TWO THOUSAND TWENTY THREE",IF(BL9=2024,"TWO THOUSAND TWENTY FOUR",IF(BL9=2025,"TWO THOUSAND TWENTY FIVE",IF(BL9=2026,"TWO THOUSAND TWENTY SIX",IF(BL9=2027,"TWO THOUSAND TWENTY SEVEN",IF(BL9=2028,"TWO THOUSAND TWENTY EIGHT",IF(BL9=2029,"TWO THOUSAND TWENTY NINE",IF(BL9=2030,"TWO THOUSAND THIRTY",IF(BL9=2031,"TWO THOUSAND THIRTY ONE",IF(BL9=2032,"TWO THOUSAND THIRTY TWO",IF(BL9=2033,"TWO THOUSAND THIRTY THREE",IF(BL9=2034,"TWO THOUSAND THIRTY FOUR",IF(BL9=2035,"TWO THOUSAND THIRTY FIVE",IF(BL9=2036,"TWO THOUSAND THIRTY SIX",IF(BL9=2037,"TWO THOUSAND THIRTY SEVEN",IF(BL9=2038,"TWO THOUSAND THIRTY EIGHT",IF(BL9=2039,"TWO THOUSAND THIRTY NINE",IF(BL9=2040,"TWO THOUSAND FORTY",IF(BL9=2041,"TWO THOUSAND FORTY ONE",IF(BL9=2042,"TWO THOUSAND FORTY TWO",IF(BL9=2043,"TWO THOUSAND FORTY THREE",IF(BL9=2044,"TWO THOUSAND FORTY FOUR",IF(BL9=2045,"TWO THOUSAND FORTY FIVE",IF(BL9=2046,"TWO THOUSAND FORTY SIX",IF(BL9=2047,"TWO THOUSAND FORTY SEVEN",IF(BL9=2048,"TWO THOUSAND FORTY EIGHT",IF(BL9=2049,"TWO THOUSAND FORTY NINE",IF(BL9=2050,"TWO THOUSAND FIFTY"))))))))))))))))))))))))))))))))))))))))))))))))))) -> TWO THOUSAND EIGHTEEN | BN9: =BI9&" "&BK9&" "&BM9 -> TWENTY SIXTH JULY TWO THOUSAND EIGHTEEN | BO9: =IF(O9="SC","SC",IF(O9="ST","ST",IF(O9="OBC","OBC",IF(O9="PH","PH",IF(Q9="Muslim","MIN",IF(Q9="Sikh","MIN",IF(Q9="Christian","MIN",IF(Q9="Jain","MIN",IF(Q9="Parsi","MIN",IF(Q9="Hindu","GEN")))))))))) -> FALSE | BP9: =IF(P9="Female","F",IF(P9="Transgender","T",IF(P9="Male","M","")))
A10: 9 | B10: =B9 -> III-A | D10: 20230130143 | E10: ANUJ | F10: 14754 | G10: Sep 6 2018 | H10: RANJEET DAS | I10: LALITA DEVI | T10: 9667639564 | V10: C 441/442 D BLOCK AGAR NAGAR PREM NAGAR 3 | BB10: =G10 -> Sep 6 2018 | BC10: =LEFT(BB10,(3)) -> Sep | BD10: =MID(BB10,5,(2)) -> 6 | BE10: =RIGHT(BB10,(4)) -> 2018 | BF10: =MONTH(DATEVALUE(BC10&1)) -> #VALUE! | BG10: =DATE(BE10,BF10,BD10) -> #VALUE! | BH10: =VALUE(BD10) -> 6 | BI10: =IF(BH10=1,"FIRST",IF(BH10=2,"SECOND",IF(BH10=3,"THIRD",IF(BH10=4,"FOURTH",IF(BH10=5,"FIFTH",IF(BH10=6,"SIXTH",IF(BH10=7,"SEVENTH",IF(BH10=8,"EIGHTH",IF(BH10=9,"NINTH",IF(BH10=10,"TENTH",IF(BH10=11,"ELEVENTH",IF(BH10=12,"TWELFTH",IF(BH10=13,"THIRTEENTH",IF(BH10=14,"FOURTEENTH",IF(BH10=15,"FIFTEENTH",IF(BH10=16,"SIXTEENTH",IF(BH10=17,"SEVENTEENTH",IF(BH10=18,"EIGHTEENTH",IF(BH10=19,"NINETEENTH",IF(BH10=20,"TWENTIETH",IF(BH10=21,"TWENTY FIRST",IF(BH10=22,"TWENTY SECOND",IF(BH10=23,"TWENTY THIRD",IF(BH10=24,"TWENTY FOURTH",IF(BH10=25,"TWENTY FIFTH",IF(BH10=26,"TWENTY SIXTH",IF(BH10=27,"TWENTY SEVENTH",IF(BH10=28,"TWENTY EIGHTH",IF(BH10=29,"TWENTY NINTH",IF(BH10=30,"THIRTIETH",IF(BH10=31,"THIRTY FIRST",""))))))))))))))))))))))))))))))) -> SIXTH | BJ10: =BC10 -> Sep | BK10: =IF(BJ10="Jan","JANUARY",IF(BJ10="Feb","FEBRUARY",IF(BJ10="Mar","MARCH",IF(BJ10="Apr","APRIL",IF(BJ10="May","MAY",IF(BJ10="Jun","JUNE",IF(BJ10="Jul","JULY",IF(BJ10="Aug","AUGUST",IF(BJ10="Sep","SEPTEMBER",IF(BJ10="Oct","OCTOBER",IF(BJ10="Nov","NOVEMBER",IF(BJ10="Dec","DECEMBER")))))))))))) -> SEPTEMBER | BL10: =VALUE(BE10) -> 2018 | BM10: =IF(BL10=2000,"TWO THOUSAND",IF(BL10=2001,"TWO THOUSAND ONE",IF(BL10=2002,"TWO THOUSAND TWO",IF(BL10=2003,"TWO THOUSAND THREE",IF(BL10=2004,"TWO THOUSAND FOUR",IF(BL10=2005,"TWO THOUSAND FIVE",IF(BL10=2006,"TWO THOUSAND SIX",IF(BL10=2007,"TWO THOUSAND SEVEN",IF(BL10=2008,"TWO THOUSAND EIGHT",IF(BL10=2009,"TWO THOUSAND NINE",IF(BL10=2010,"TWO THOUSAND TEN",IF(BL10=2011,"TWO THOUSAND ELEVEN",IF(BL10=2012,"TWO THOUSAND TWELVE",IF(BL10=2013,"TWO THOUSAND THIRTEEN",IF(BL10=2014,"TWO THOUSAND FOURTEEN",IF(BL10=2015,"TWO THOUSAND FIFTEEN",IF(BL10=2016,"TWO THOUSAND SIXTEEN",IF(BL10=2017,"TWO THOUSAND SEVENTEEN",IF(BL10=2018,"TWO THOUSAND EIGHTEEN",IF(BL10=2019,"TWO THOUSAND NINETEEN",IF(BL10=2020,"TWO THOUSAND TWENTY",IF(BL10=2021,"TWO THOUSAND TWENTY ONE",IF(BL10=2022,"TWO THOUSAND TWENTY TWO",IF(BL10=2023,"TWO THOUSAND TWENTY THREE",IF(BL10=2024,"TWO THOUSAND TWENTY FOUR",IF(BL10=2025,"TWO THOUSAND TWENTY FIVE",IF(BL10=2026,"TWO THOUSAND TWENTY SIX",IF(BL10=2027,"TWO THOUSAND TWENTY SEVEN",IF(BL10=2028,"TWO THOUSAND TWENTY EIGHT",IF(BL10=2029,"TWO THOUSAND TWENTY NINE",IF(BL10=2030,"TWO THOUSAND THIRTY",IF(BL10=2031,"TWO THOUSAND THIRTY ONE",IF(BL10=2032,"TWO THOUSAND THIRTY TWO",IF(BL10=2033,"TWO THOUSAND THIRTY THREE",IF(BL10=2034,"TWO THOUSAND THIRTY FOUR",IF(BL10=2035,"TWO THOUSAND THIRTY FIVE",IF(BL10=2036,"TWO THOUSAND THIRTY SIX",IF(BL10=2037,"TWO THOUSAND THIRTY SEVEN",IF(BL10=2038,"TWO THOUSAND THIRTY EIGHT",IF(BL10=2039,"TWO THOUSAND THIRTY NINE",IF(BL10=2040,"TWO THOUSAND FORTY",IF(BL10=2041,"TWO THOUSAND FORTY ONE",IF(BL10=2042,"TWO THOUSAND FORTY TWO",IF(BL10=2043,"TWO THOUSAND FORTY THREE",IF(BL10=2044,"TWO THOUSAND FORTY FOUR",IF(BL10=2045,"TWO THOUSAND FORTY FIVE",IF(BL10=2046,"TWO THOUSAND FORTY SIX",IF(BL10=2047,"TWO THOUSAND FORTY SEVEN",IF(BL10=2048,"TWO THOUSAND FORTY EIGHT",IF(BL10=2049,"TWO THOUSAND FORTY NINE",IF(BL10=2050,"TWO THOUSAND FIFTY"))))))))))))))))))))))))))))))))))))))))))))))))))) -> TWO THOUSAND EIGHTEEN | BN10: =BI10&" "&BK10&" "&BM10 -> SIXTH SEPTEMBER TWO THOUSAND EIGHTEEN | BO10: =IF(O10="SC","SC",IF(O10="ST","ST",IF(O10="OBC","OBC",IF(O10="PH","PH",IF(Q10="Muslim","MIN",IF(Q10="Sikh","MIN",IF(Q10="Christian","MIN",IF(Q10="Jain","MIN",IF(Q10="Parsi","MIN",IF(Q10="Hindu","GEN")))))))))) -> FALSE | BP10: =IF(P10="Female","F",IF(P10="Transgender","T",IF(P10="Male","M","")))
A11: 10 | B11: =B10 -> III-A | D11: 20230268614 | E11: PIYUSH KUMAR | F11: 14774 | G11: Mar 22 2019 | H11: MUNNA LAL | I11: USHA PRAJAPATI | T11: 8979884019 | V11: A 198/11 GALI NO 1 GAURAV NAGAR PREM NAGAR 2 | BB11: =G11 -> Mar 22 2019 | BC11: =LEFT(BB11,(3)) -> Mar | BD11: =MID(BB11,5,(2)) -> 22 | BE11: =RIGHT(BB11,(4)) -> 2019 | BF11: =MONTH(DATEVALUE(BC11&1)) -> #VALUE! | BG11: =DATE(BE11,BF11,BD11) -> #VALUE! | BH11: =VALUE(BD11) -> 22 | BI11: =IF(BH11=1,"FIRST",IF(BH11=2,"SECOND",IF(BH11=3,"THIRD",IF(BH11=4,"FOURTH",IF(BH11=5,"FIFTH",IF(BH11=6,"SIXTH",IF(BH11=7,"SEVENTH",IF(BH11=8,"EIGHTH",IF(BH11=9,"NINTH",IF(BH11=10,"TENTH",IF(BH11=11,"ELEVENTH",IF(BH11=12,"TWELFTH",IF(BH11=13,"THIRTEENTH",IF(BH11=14,"FOURTEENTH",IF(BH11=15,"FIFTEENTH",IF(BH11=16,"SIXTEENTH",IF(BH11=17,"SEVENTEENTH",IF(BH11=18,"EIGHTEENTH",IF(BH11=19,"NINETEENTH",IF(BH11=20,"TWENTIETH",IF(BH11=21,"TWENTY FIRST",IF(BH11=22,"TWENTY SECOND",IF(BH11=23,"TWENTY THIRD",IF(BH11=24,"TWENTY FOURTH",IF(BH11=25,"TWENTY FIFTH",IF(BH11=26,"TWENTY SIXTH",IF(BH11=27,"TWENTY SEVENTH",IF(BH11=28,"TWENTY EIGHTH",IF(BH11=29,"TWENTY NINTH",IF(BH11=30,"THIRTIETH",IF(BH11=31,"THIRTY FIRST",""))))))))))))))))))))))))))))))) -> TWENTY SECOND | BJ11: =BC11 -> Mar | BK11: =IF(BJ11="Jan","JANUARY",IF(BJ11="Feb","FEBRUARY",IF(BJ11="Mar","MARCH",IF(BJ11="Apr","APRIL",IF(BJ11="May","MAY",IF(BJ11="Jun","JUNE",IF(BJ11="Jul","JULY",IF(BJ11="Aug","AUGUST",IF(BJ11="Sep","SEPTEMBER",IF(BJ11="Oct","OCTOBER",IF(BJ11="Nov","NOVEMBER",IF(BJ11="Dec","DECEMBER")))))))))))) -> MARCH | BL11: =VALUE(BE11) -> 2019 | BM11: =IF(BL11=2000,"TWO THOUSAND",IF(BL11=2001,"TWO THOUSAND ONE",IF(BL11=2002,"TWO THOUSAND TWO",IF(BL11=2003,"TWO THOUSAND THREE",IF(BL11=2004,"TWO THOUSAND FOUR",IF(BL11=2005,"TWO THOUSAND FIVE",IF(BL11=2006,"TWO THOUSAND SIX",IF(BL11=2007,"TWO THOUSAND SEVEN",IF(BL11=2008,"TWO THOUSAND EIGHT",IF(BL11=2009,"TWO THOUSAND NINE",IF(BL11=2010,"TWO THOUSAND TEN",IF(BL11=2011,"TWO THOUSAND ELEVEN",IF(BL11=2012,"TWO THOUSAND TWELVE",IF(BL11=2013,"TWO THOUSAND THIRTEEN",IF(BL11=2014,"TWO THOUSAND FOURTEEN",IF(BL11=2015,"TWO THOUSAND FIFTEEN",IF(BL11=2016,"TWO THOUSAND SIXTEEN",IF(BL11=2017,"TWO THOUSAND SEVENTEEN",IF(BL11=2018,"TWO THOUSAND EIGHTEEN",IF(BL11=2019,"TWO THOUSAND NINETEEN",IF(BL11=2020,"TWO THOUSAND TWENTY",IF(BL11=2021,"TWO THOUSAND TWENTY ONE",IF(BL11=2022,"TWO THOUSAND TWENTY TWO",IF(BL11=2023,"TWO THOUSAND TWENTY THREE",IF(BL11=2024,"TWO THOUSAND TWENTY FOUR",IF(BL11=2025,"TWO THOUSAND TWENTY FIVE",IF(BL11=2026,"TWO THOUSAND TWENTY SIX",IF(BL11=2027,"TWO THOUSAND TWENTY SEVEN",IF(BL11=2028,"TWO THOUSAND TWENTY EIGHT",IF(BL11=2029,"TWO THOUSAND TWENTY NINE",IF(BL11=2030,"TWO THOUSAND THIRTY",IF(BL11=2031,"TWO THOUSAND THIRTY ONE",IF(BL11=2032,"TWO THOUSAND THIRTY TWO",IF(BL11=2033,"TWO THOUSAND THIRTY THREE",IF(BL11=2034,"TWO THOUSAND THIRTY FOUR",IF(BL11=2035,"TWO THOUSAND THIRTY FIVE",IF(BL11=2036,"TWO THOUSAND THIRTY SIX",IF(BL11=2037,"TWO THOUSAND THIRTY SEVEN",IF(BL11=2038,"TWO THOUSAND THIRTY EIGHT",IF(BL11=2039,"TWO THOUSAND THIRTY NINE",IF(BL11=2040,"TWO THOUSAND FORTY",IF(BL11=2041,"TWO THOUSAND FORTY ONE",IF(BL11=2042,"TWO THOUSAND FORTY TWO",IF(BL11=2043,"TWO THOUSAND FORTY THREE",IF(BL11=2044,"TWO THOUSAND FORTY FOUR",IF(BL11=2045,"TWO THOUSAND FORTY FIVE",IF(BL11=2046,"TWO THOUSAND FORTY SIX",IF(BL11=2047,"TWO THOUSAND FORTY SEVEN",IF(BL11=2048,"TWO THOUSAND FORTY EIGHT",IF(BL11=2049,"TWO THOUSAND FORTY NINE",IF(BL11=2050,"TWO THOUSAND FIFTY"))))))))))))))))))))))))))))))))))))))))))))))))))) -> TWO THOUSAND NINETEEN | BN11: =BI11&" "&BK11&" "&BM11 -> TWENTY SECOND MARCH TWO THOUSAND NINETEEN | BO11: =IF(O11="SC","SC",IF(O11="ST","ST",IF(O11="OBC","OBC",IF(O11="PH","PH",IF(Q11="Muslim","MIN",IF(Q11="Sikh","MIN",IF(Q11="Christian","MIN",IF(Q11="Jain","MIN",IF(Q11="Parsi","MIN",IF(Q11="Hindu","GEN")))))))))) -> FALSE | BP11: =IF(P11="Female","F",IF(P11="Transgender","T",IF(P11="Male","M","")))
A12: 11 | B12: =B11 -> III-A | D12: 20230349168 | E12: MD MAHTAB | F12: 14775 | G12: Sep 28 2018 | H12: MD ASRAF | I12: MOVINA PRAVEEN | T12: 9667817945 | V12: F 172 INDER INCLAVE 2 | BB12: =G12 -> Sep 28 2018 | BC12: =LEFT(BB12,(3)) -> Sep | BD12: =MID(BB12,5,(2)) -> 28 | BE12: =RIGHT(BB12,(4)) -> 2018 | BF12: =MONTH(DATEVALUE(BC12&1)) -> #VALUE! | BG12: =DATE(BE12,BF12,BD12) -> #VALUE! | BH12: =VALUE(BD12) -> 28 | BI12: =IF(BH12=1,"FIRST",IF(BH12=2,"SECOND",IF(BH12=3,"THIRD",IF(BH12=4,"FOURTH",IF(BH12=5,"FIFTH",IF(BH12=6,"SIXTH",IF(BH12=7,"SEVENTH",IF(BH12=8,"EIGHTH",IF(BH12=9,"NINTH",IF(BH12=10,"TENTH",IF(BH12=11,"ELEVENTH",IF(BH12=12,"TWELFTH",IF(BH12=13,"THIRTEENTH",IF(BH12=14,"FOURTEENTH",IF(BH12=15,"FIFTEENTH",IF(BH12=16,"SIXTEENTH",IF(BH12=17,"SEVENTEENTH",IF(BH12=18,"EIGHTEENTH",IF(BH12=19,"NINETEENTH",IF(BH12=20,"TWENTIETH",IF(BH12=21,"TWENTY FIRST",IF(BH12=22,"TWENTY SECOND",IF(BH12=23,"TWENTY THIRD",IF(BH12=24,"TWENTY FOURTH",IF(BH12=25,"TWENTY FIFTH",IF(BH12=26,"TWENTY SIXTH",IF(BH12=27,"TWENTY SEVENTH",IF(BH12=28,"TWENTY EIGHTH",IF(BH12=29,"TWENTY NINTH",IF(BH12=30,"THIRTIETH",IF(BH12=31,"THIRTY FIRST",""))))))))))))))))))))))))))))))) -> TWENTY EIGHTH | BJ12: =BC12 -> Sep | BK12: =IF(BJ12="Jan","JANUARY",IF(BJ12="Feb","FEBRUARY",IF(BJ12="Mar","MARCH",IF(BJ12="Apr","APRIL",IF(BJ12="May","MAY",IF(BJ12="Jun","JUNE",IF(BJ12="Jul","JULY",IF(BJ12="Aug","AUGUST",IF(BJ12="Sep","SEPTEMBER",IF(BJ12="Oct","OCTOBER",IF(BJ12="Nov","NOVEMBER",IF(BJ12="Dec","DECEMBER")))))))))))) -> SEPTEMBER | BL12: =VALUE(BE12) -> 2018 | BM12: =IF(BL12=2000,"TWO THOUSAND",IF(BL12=2001,"TWO THOUSAND ONE",IF(BL12=2002,"TWO THOUSAND TWO",IF(BL12=2003,"TWO THOUSAND THREE",IF(BL12=2004,"TWO THOUSAND FOUR",IF(BL12=2005,"TWO THOUSAND FIVE",IF(BL12=2006,"TWO THOUSAND SIX",IF(BL12=2007,"TWO THOUSAND SEVEN",IF(BL12=2008,"TWO THOUSAND EIGHT",IF(BL12=2009,"TWO THOUSAND NINE",IF(BL12=2010,"TWO THOUSAND TEN",IF(BL12=2011,"TWO THOUSAND ELEVEN",IF(BL12=2012,"TWO THOUSAND TWELVE",IF(BL12=2013,"TWO THOUSAND THIRTEEN",IF(BL12=2014,"TWO THOUSAND FOURTEEN",IF(BL12=2015,"TWO THOUSAND FIFTEEN",IF(BL12=2016,"TWO THOUSAND SIXTEEN",IF(BL12=2017,"TWO THOUSAND SEVENTEEN",IF(BL12=2018,"TWO THOUSAND EIGHTEEN",IF(BL12=2019,"TWO THOUSAND NINETEEN",IF(BL12=2020,"TWO THOUSAND TWENTY",IF(BL12=2021,"TWO THOUSAND TWENTY ONE",IF(BL12=2022,"TWO THOUSAND TWENTY TWO",IF(BL12=2023,"TWO THOUSAND TWENTY THREE",IF(BL12=2024,"TWO THOUSAND TWENTY FOUR",IF(BL12=2025,"TWO THOUSAND TWENTY FIVE",IF(BL12=2026,"TWO THOUSAND TWENTY SIX",IF(BL12=2027,"TWO THOUSAND TWENTY SEVEN",IF(BL12=2028,"TWO THOUSAND TWENTY EIGHT",IF(BL12=2029,"TWO THOUSAND TWENTY NINE",IF(BL12=2030,"TWO THOUSAND THIRTY",IF(BL12=2031,"TWO THOUSAND THIRTY ONE",IF(BL12=2032,"TWO THOUSAND THIRTY TWO",IF(BL12=2033,"TWO THOUSAND THIRTY THREE",IF(BL12=2034,"TWO THOUSAND THIRTY FOUR",IF(BL12=2035,"TWO THOUSAND THIRTY FIVE",IF(BL12=2036,"TWO THOUSAND THIRTY SIX",IF(BL12=2037,"TWO THOUSAND THIRTY SEVEN",IF(BL12=2038,"TWO THOUSAND THIRTY EIGHT",IF(BL12=2039,"TWO THOUSAND THIRTY NINE",IF(BL12=2040,"TWO THOUSAND FORTY",IF(BL12=2041,"TWO THOUSAND FORTY ONE",IF(BL12=2042,"TWO THOUSAND FORTY TWO",IF(BL12=2043,"TWO THOUSAND FORTY THREE",IF(BL12=2044,"TWO THOUSAND FORTY FOUR",IF(BL12=2045,"TWO THOUSAND FORTY FIVE",IF(BL12=2046,"TWO THOUSAND FORTY SIX",IF(BL12=2047,"TWO THOUSAND FORTY SEVEN",IF(BL12=2048,"TWO THOUSAND FORTY EIGHT",IF(BL12=2049,"TWO THOUSAND FORTY NINE",IF(BL12=2050,"TWO THOUSAND FIFTY"))))))))))))))))))))))))))))))))))))))))))))))))))) -> TWO THOUSAND EIGHTEEN | BN12: =BI12&" "&BK12&" "&BM12 -> TWENTY EIGHTH SEPTEMBER TWO THOUSAND EIGHTEEN | BO12: =IF(O12="SC","SC",IF(O12="ST","ST",IF(O12="OBC","OBC",IF(O12="PH","PH",IF(Q12="Muslim","MIN",IF(Q12="Sikh","MIN",IF(Q12="Christian","MIN",IF(Q12="Jain","MIN",IF(Q12="Parsi","MIN",IF(Q12="Hindu","GEN")))))))))) -> FALSE | BP12: =IF(P12="Female","F",IF(P12="Transgender","T",IF(P12="Male","M","")))
A13: 12 | B13: =B12 -> III-A | D13: 20240008153 | E13: PRADEEP | F13: 14734 | G13: Dec 10 2018 | H13: RAM BHAWAN | I13: REKHA | T13: 7503764765 | V13: C-2 41-242, BLOCK -D GALI NO 5 AGAR NAGAR PREM NAGAR III | BB13: =G13 -> Dec 10 2018 | BC13: =LEFT(BB13,(3)) -> Dec | BD13: =MID(BB13,5,(2)) -> 10 | BE13: =RIGHT(BB13,(4)) -> 2018 | BF13: =MONTH(DATEVALUE(BC13&1)) -> #VALUE! | BG13: =DATE(BE13,BF13,BD13) -> #VALUE! | BH13: =VALUE(BD13) -> 10 | BI13: =IF(BH13=1,"FIRST",IF(BH13=2,"SECOND",IF(BH13=3,"THIRD",IF(BH13=4,"FOURTH",IF(BH13=5,"FIFTH",IF(BH13=6,"SIXTH",IF(BH13=7,"SEVENTH",IF(BH13=8,"EIGHTH",IF(BH13=9,"NINTH",IF(BH13=10,"TENTH",IF(BH13=11,"ELEVENTH",IF(BH13=12,"TWELFTH",IF(BH13=13,"THIRTEENTH",IF(BH13=14,"FOURTEENTH",IF(BH13=15,"FIFTEENTH",IF(BH13=16,"SIXTEENTH",IF(BH13=17,"SEVENTEENTH",IF(BH13=18,"EIGHTEENTH",IF(BH13=19,"NINETEENTH",IF(BH13=20,"TWENTIETH",IF(BH13=21,"TWENTY FIRST",IF(BH13=22,"TWENTY SECOND",IF(BH13=23,"TWENTY THIRD",IF(BH13=24,"TWENTY FOURTH",IF(BH13=25,"TWENTY FIFTH",IF(BH13=26,"TWENTY SIXTH",IF(BH13=27,"TWENTY SEVENTH",IF(BH13=28,"TWENTY EIGHTH",IF(BH13=29,"TWENTY NINTH",IF(BH13=30,"THIRTIETH",IF(BH13=31,"THIRTY FIRST",""))))))))))))))))))))))))))))))) -> TENTH | BJ13: =BC13 -> Dec | BK13: =IF(BJ13="Jan","JANUARY",IF(BJ13="Feb","FEBRUARY",IF(BJ13="Mar","MARCH",IF(BJ13="Apr","APRIL",IF(BJ13="May","MAY",IF(BJ13="Jun","JUNE",IF(BJ13="Jul","JULY",IF(BJ13="Aug","AUGUST",IF(BJ13="Sep","SEPTEMBER",IF(BJ13="Oct","OCTOBER",IF(BJ13="Nov","NOVEMBER",IF(BJ13="Dec","DECEMBER")))))))))))) -> DECEMBER | BL13: =VALUE(BE13) -> 2018 | BM13: =IF(BL13=2000,"TWO THOUSAND",IF(BL13=2001,"TWO THOUSAND ONE",IF(BL13=2002,"TWO THOUSAND TWO",IF(BL13=2003,"TWO THOUSAND THREE",IF(BL13=2004,"TWO THOUSAND FOUR",IF(BL13=2005,"TWO THOUSAND FIVE",IF(BL13=2006,"TWO THOUSAND SIX",IF(BL13=2007,"TWO THOUSAND SEVEN",IF(BL13=2008,"TWO THOUSAND EIGHT",IF(BL13=2009,"TWO THOUSAND NINE",IF(BL13=2010,"TWO THOUSAND TEN",IF(BL13=2011,"TWO THOUSAND ELEVEN",IF(BL13=2012,"TWO THOUSAND TWELVE",IF(BL13=2013,"TWO THOUSAND THIRTEEN",IF(BL13=2014,"TWO THOUSAND FOURTEEN",IF(BL13=2015,"TWO THOUSAND FIFTEEN",IF(BL13=2016,"TWO THOUSAND SIXTEEN",IF(BL13=2017,"TWO THOUSAND SEVENTEEN",IF(BL13=2018,"TWO THOUSAND EIGHTEEN",IF(BL13=2019,"TWO THOUSAND NINETEEN",IF(BL13=2020,"TWO THOUSAND TWENTY",IF(BL13=2021,"TWO THOUSAND TWENTY ONE",IF(BL13=2022,"TWO THOUSAND TWENTY TWO",IF(BL13=2023,"TWO THOUSAND TWENTY THREE",IF(BL13=2024,"TWO THOUSAND TWENTY FOUR",IF(BL13=2025,"TWO THOUSAND TWENTY FIVE",IF(BL13=2026,"TWO THOUSAND TWENTY SIX",IF(BL13=2027,"TWO THOUSAND TWENTY SEVEN",IF(BL13=2028,"TWO THOUSAND TWENTY EIGHT",IF(BL13=2029,"TWO THOUSAND TWENTY NINE",IF(BL13=2030,"TWO THOUSAND THIRTY",IF(BL13=2031,"TWO THOUSAND THIRTY ONE",IF(BL13=2032,"TWO THOUSAND THIRTY TWO",IF(BL13=2033,"TWO THOUSAND THIRTY THREE",IF(BL13=2034,"TWO THOUSAND THIRTY FOUR",IF(BL13=2035,"TWO THOUSAND THIRTY FIVE",IF(BL13=2036,"TWO THOUSAND THIRTY SIX",IF(BL13=2037,"TWO THOUSAND THIRTY SEVEN",IF(BL13=2038,"TWO THOUSAND THIRTY EIGHT",IF(BL13=2039,"TWO THOUSAND THIRTY NINE",IF(BL13=2040,"TWO THOUSAND FORTY",IF(BL13=2041,"TWO THOUSAND FORTY ONE",IF(BL13=2042,"TWO THOUSAND FORTY TWO",IF(BL13=2043,"TWO THOUSAND FORTY THREE",IF(BL13=2044,"TWO THOUSAND FORTY FOUR",IF(BL13=2045,"TWO THOUSAND FORTY FIVE",IF(BL13=2046,"TWO THOUSAND FORTY SIX",IF(BL13=2047,"TWO THOUSAND FORTY SEVEN",IF(BL13=2048,"TWO THOUSAND FORTY EIGHT",IF(BL13=2049,"TWO THOUSAND FORTY NINE",IF(BL13=2050,"TWO THOUSAND FIFTY"))))))))))))))))))))))))))))))))))))))))))))))))))) -> TWO THOUSAND EIGHTEEN | BN13: =BI13&" "&BK13&" "&BM13 -> TENTH DECEMBER TWO THOUSAND EIGHTEEN | BO13: =IF(O13="SC","SC",IF(O13="ST","ST",IF(O13="OBC","OBC",IF(O13="PH","PH",IF(Q13="Muslim","MIN",IF(Q13="Sikh","MIN",IF(Q13="Christian","MIN",IF(Q13="Jain","MIN",IF(Q13="Parsi","MIN",IF(Q13="Hindu","GEN")))))))))) -> FALSE | BP13: =IF(P13="Female","F",IF(P13="Transgender","T",IF(P13="Male","M","")))
A14: 13 | B14: =B13 -> III-A | D14: 20240008167 | E14: MOHD JISAN | F14: 14735 | G14: Jun 28 2018 | H14: MD ZAMEEL | I14: IRFANA KHATUN | T14: 7836913487 | V14: B-227, PREM NAGAR-III,DELHI | BB14: =G14 -> Jun 28 2018 | BC14: =LEFT(BB14,(3)) -> Jun | BD14: =MID(BB14,5,(2)) -> 28 | BE14: =RIGHT(BB14,(4)) -> 2018 | BF14: =MONTH(DATEVALUE(BC14&1)) -> #VALUE! | BG14: =DATE(BE14,BF14,BD14) -> #VALUE! | BH14: =VALUE(BD14) -> 28 | BI14: =IF(BH14=1,"FIRST",IF(BH14=2,"SECOND",IF(BH14=3,"THIRD",IF(BH14=4,"FOURTH",IF(BH14=5,"FIFTH",IF(BH14=6,"SIXTH",IF(BH14=7,"SEVENTH",IF(BH14=8,"EIGHTH",IF(BH14=9,"NINTH",IF(BH14=10,"TENTH",IF(BH14=11,"ELEVENTH",IF(BH14=12,"TWELFTH",IF(BH14=13,"THIRTEENTH",IF(BH14=14,"FOURTEENTH",IF(BH14=15,"FIFTEENTH",IF(BH14=16,"SIXTEENTH",IF(BH14=17,"SEVENTEENTH",IF(BH14=18,"EIGHTEENTH",IF(BH14=19,"NINETEENTH",IF(BH14=20,"TWENTIETH",IF(BH14=21,"TWENTY FIRST",IF(BH14=22,"TWENTY SECOND",IF(BH14=23,"TWENTY THIRD",IF(BH14=24,"TWENTY FOURTH",IF(BH14=25,"TWENTY FIFTH",IF(BH14=26,"TWENTY SIXTH",IF(BH14=27,"TWENTY SEVENTH",IF(BH14=28,"TWENTY EIGHTH",IF(BH14=29,"TWENTY NINTH",IF(BH14=30,"THIRTIETH",IF(BH14=31,"THIRTY FIRST",""))))))))))))))))))))))))))))))) -> TWENTY EIGHTH | BJ14: =BC14 -> Jun | BK14: =IF(BJ14="Jan","JANUARY",IF(BJ14="Feb","FEBRUARY",IF(BJ14="Mar","MARCH",IF(BJ14="Apr","APRIL",IF(BJ14="May","MAY",IF(BJ14="Jun","JUNE",IF(BJ14="Jul","JULY",IF(BJ14="Aug","AUGUST",IF(BJ14="Sep","SEPTEMBER",IF(BJ14="Oct","OCTOBER",IF(BJ14="Nov","NOVEMBER",IF(BJ14="Dec","DECEMBER")))))))))))) -> JUNE | BL14: =VALUE(BE14) -> 2018 | BM14: =IF(BL14=2000,"TWO THOUSAND",IF(BL14=2001,"TWO THOUSAND ONE",IF(BL14=2002,"TWO THOUSAND TWO",IF(BL14=2003,"TWO THOUSAND THREE",IF(BL14=2004,"TWO THOUSAND FOUR",IF(BL14=2005,"TWO THOUSAND FIVE",IF(BL14=2006,"TWO THOUSAND SIX",IF(BL14=2007,"TWO THOUSAND SEVEN",IF(BL14=2008,"TWO THOUSAND EIGHT",IF(BL14=2009,"TWO THOUSAND NINE",IF(BL14=2010,"TWO THOUSAND TEN",IF(BL14=2011,"TWO THOUSAND ELEVEN",IF(BL14=2012,"TWO THOUSAND TWELVE",IF(BL14=2013,"TWO THOUSAND THIRTEEN",IF(BL14=2014,"TWO THOUSAND FOURTEEN",IF(BL14=2015,"TWO THOUSAND FIFTEEN",IF(BL14=2016,"TWO THOUSAND SIXTEEN",IF(BL14=2017,"TWO THOUSAND SEVENTEEN",IF(BL14=2018,"TWO THOUSAND EIGHTEEN",IF(BL14=2019,"TWO THOUSAND NINETEEN",IF(BL14=2020,"TWO THOUSAND TWENTY",IF(BL14=2021,"TWO THOUSAND TWENTY ONE",IF(BL14=2022,"TWO THOUSAND TWENTY TWO",IF(BL14=2023,"TWO THOUSAND TWENTY THREE",IF(BL14=2024,"TWO THOUSAND TWENTY FOUR",IF(BL14=2025,"TWO THOUSAND TWENTY FIVE",IF(BL14=2026,"TWO THOUSAND TWENTY SIX",IF(BL14=2027,"TWO THOUSAND TWENTY SEVEN",IF(BL14=2028,"TWO THOUSAND TWENTY EIGHT",IF(BL14=2029,"TWO THOUSAND TWENTY NINE",IF(BL14=2030,"TWO THOUSAND THIRTY",IF(BL14=2031,"TWO THOUSAND THIRTY ONE",IF(BL14=2032,"TWO THOUSAND THIRTY TWO",IF(BL14=2033,"TWO THOUSAND THIRTY THREE",IF(BL14=2034,"TWO THOUSAND THIRTY FOUR",IF(BL14=2035,"TWO THOUSAND THIRTY FIVE",IF(BL14=2036,"TWO THOUSAND THIRTY SIX",IF(BL14=2037,"TWO THOUSAND THIRTY SEVEN",IF(BL14=2038,"TWO THOUSAND THIRTY EIGHT",IF(BL14=2039,"TWO THOUSAND THIRTY NINE",IF(BL14=2040,"TWO THOUSAND FORTY",IF(BL14=2041,"TWO THOUSAND FORTY ONE",IF(BL14=2042,"TWO THOUSAND FORTY TWO",IF(BL14=2043,"TWO THOUSAND FORTY THREE",IF(BL14=2044,"TWO THOUSAND FORTY FOUR",IF(BL14=2045,"TWO THOUSAND FORTY FIVE",IF(BL14=2046,"TWO THOUSAND FORTY SIX",IF(BL14=2047,"TWO THOUSAND FORTY SEVEN",IF(BL14=2048,"TWO THOUSAND FORTY EIGHT",IF(BL14=2049,"TWO THOUSAND FORTY NINE",IF(BL14=2050,"TWO THOUSAND FIFTY"))))))))))))))))))))))))))))))))))))))))))))))))))) -> TWO THOUSAND EIGHTEEN | BN14: =BI14&" "&BK14&" "&BM14 -> TWENTY EIGHTH JUNE TWO THOUSAND EIGHTEEN | BO14: =IF(O14="SC","SC",IF(O14="ST","ST",IF(O14="OBC","OBC",IF(O14="PH","PH",IF(Q14="Muslim","MIN",IF(Q14="Sikh","MIN",IF(Q14="Christian","MIN",IF(Q14="Jain","MIN",IF(Q14="Parsi","MIN",IF(Q14="Hindu","GEN")))))))))) -> FALSE | BP14: =IF(P14="Female","F",IF(P14="Transgender","T",IF(P14="Male","M","")))
... A40: 39 | B40: =B39 -> III-A | D40: 20250325088 | E40: LOVECESH KUMAR | F40: 15149 | G40: Jan 5 2018 | H40: SANDEEP KUMAR | I40: ANJU KUMARI | T40: 6280119792 | V40: HOUSE NO-150 KH .NO . A/24 GROUND FLOOR NITHARI | BB40: =G40 -> Jan 5 2018 | BC40: =LEFT(BB40,(3)) -> Jan | BD40: =MID(BB40,5,(2)) -> 5 | BE40: =RIGHT(BB40,(4)) -> 2018 | BF40: =MONTH(DATEVALUE(BC40&1)) -> #VALUE! | BG40: =DATE(BE40,BF40,BD40) -> #VALUE! | BH40: =VALUE(BD40) -> 5 | BI40: =IF(BH40=1,"FIRST",IF(BH40=2,"SECOND",IF(BH40=3,"THIRD",IF(BH40=4,"FOURTH",IF(BH40=5,"FIFTH",IF(BH40=6,"SIXTH",IF(BH40=7,"SEVENTH",IF(BH40=8,"EIGHTH",IF(BH40=9,"NINTH",IF(BH40=10,"TENTH",IF(BH40=11,"ELEVENTH",IF(BH40=12,"TWELFTH",IF(BH40=13,"THIRTEENTH",IF(BH40=14,"FOURTEENTH",IF(BH40=15,"FIFTEENTH",IF(BH40=16,"SIXTEENTH",IF(BH40=17,"SEVENTEENTH",IF(BH40=18,"EIGHTEENTH",IF(BH40=19,"NINETEENTH",IF(BH40=20,"TWENTIETH",IF(BH40=21,"TWENTY FIRST",IF(BH40=22,"TWENTY SECOND",IF(BH40=23,"TWENTY THIRD",IF(BH40=24,"TWENTY FOURTH",IF(BH40=25,"TWENTY FIFTH",IF(BH40=26,"TWENTY SIXTH",IF(BH40=27,"TWENTY SEVENTH",IF(BH40=28,"TWENTY EIGHTH",IF(BH40=29,"TWENTY NINTH",IF(BH40=30,"THIRTIETH",IF(BH40=31,"THIRTY FIRST",""))))))))))))))))))))))))))))))) -> FIFTH | BJ40: =BC40 -> Jan | BK40: =IF(BJ40="Jan","JANUARY",IF(BJ40="Feb","FEBRUARY",IF(BJ40="Mar","MARCH",IF(BJ40="Apr","APRIL",IF(BJ40="May","MAY",IF(BJ40="Jun","JUNE",IF(BJ40="Jul","JULY",IF(BJ40="Aug","AUGUST",IF(BJ40="Sep","SEPTEMBER",IF(BJ40="Oct","OCTOBER",IF(BJ40="Nov","NOVEMBER",IF(BJ40="Dec","DECEMBER")))))))))))) -> JANUARY | BL40: =VALUE(BE40) -> 2018 | BM40: =IF(BL40=2000,"TWO THOUSAND",IF(BL40=2001,"TWO THOUSAND ONE",IF(BL40=2002,"TWO THOUSAND TWO",IF(BL40=2003,"TWO THOUSAND THREE",IF(BL40=2004,"TWO THOUSAND FOUR",IF(BL40=2005,"TWO THOUSAND FIVE",IF(BL40=2006,"TWO THOUSAND SIX",IF(BL40=2007,"TWO THOUSAND SEVEN",IF(BL40=2008,"TWO THOUSAND EIGHT",IF(BL40=2009,"TWO THOUSAND NINE",IF(BL40=2010,"TWO THOUSAND TEN",IF(BL40=2011,"TWO THOUSAND ELEVEN",IF(BL40=2012,"TWO THOUSAND TWELVE",IF(BL40=2013,"TWO THOUSAND THIRTEEN",IF(BL40=2014,"TWO THOUSAND FOURTEEN",IF(BL40=2015,"TWO THOUSAND FIFTEEN",IF(BL40=2016,"TWO THOUSAND SIXTEEN",IF(BL40=2017,"TWO THOUSAND SEVENTEEN",IF(BL40=2018,"TWO THOUSAND EIGHTEEN",IF(BL40=2019,"TWO THOUSAND NINETEEN",IF(BL40=2020,"TWO THOUSAND TWENTY",IF(BL40=2021,"TWO THOUSAND TWENTY ONE",IF(BL40=2022,"TWO THOUSAND TWENTY TWO",IF(BL40=2023,"TWO THOUSAND TWENTY THREE",IF(BL40=2024,"TWO THOUSAND TWENTY FOUR",IF(BL40=2025,"TWO THOUSAND TWENTY FIVE",IF(BL40=2026,"TWO THOUSAND TWENTY SIX",IF(BL40=2027,"TWO THOUSAND TWENTY SEVEN",IF(BL40=2028,"TWO THOUSAND TWENTY EIGHT",IF(BL40=2029,"TWO THOUSAND TWENTY NINE",IF(BL40=2030,"TWO THOUSAND THIRTY",IF(BL40=2031,"TWO THOUSAND THIRTY ONE",IF(BL40=2032,"TWO THOUSAND THIRTY TWO",IF(BL40=2033,"TWO THOUSAND THIRTY THREE",IF(BL40=2034,"TWO THOUSAND THIRTY FOUR",IF(BL40=2035,"TWO THOUSAND THIRTY FIVE",IF(BL40=2036,"TWO THOUSAND THIRTY SIX",IF(BL40=2037,"TWO THOUSAND THIRTY SEVEN",IF(BL40=2038,"TWO THOUSAND THIRTY EIGHT",IF(BL40=2039,"TWO THOUSAND THIRTY NINE",IF(BL40=2040,"TWO THOUSAND FORTY",IF(BL40=2041,"TWO THOUSAND FORTY ONE",IF(BL40=2042,"TWO THOUSAND FORTY TWO",IF(BL40=2043,"TWO THOUSAND FORTY THREE",IF(BL40=2044,"TWO THOUSAND FORTY FOUR",IF(BL40=2045,"TWO THOUSAND FORTY FIVE",IF(BL40=2046,"TWO THOUSAND FORTY SIX",IF(BL40=2047,"TWO THOUSAND FORTY SEVEN",IF(BL40=2048,"TWO THOUSAND FORTY EIGHT",IF(BL40=2049,"TWO THOUSAND FORTY NINE",IF(BL40=2050,"TWO THOUSAND FIFTY"))))))))))))))))))))))))))))))))))))))))))))))))))) -> TWO THOUSAND EIGHTEEN | BN40: =BI40&" "&BK40&" "&BM40 -> FIFTH JANUARY TWO THOUSAND EIGHTEEN | BO40: =IF(O40="SC","SC",IF(O40="ST","ST",IF(O40="OBC","OBC",IF(O40="PH","PH",IF(Q40="Muslim","MIN",IF(Q40="Sikh","MIN",IF(Q40="Christian","MIN",IF(Q40="Jain","MIN",IF(Q40="Parsi","MIN",IF(Q40="Hindu","GEN")))))))))) -> FALSE | BP40: =IF(P40="Female","F",IF(P40="Transgender","T",IF(P40="Male","M","")))
A41: 40 | B41: =B40 -> III-A | BB41: =G41 -> 0 | BC41: =LEFT(BB41,(3)) -> 0 | BD41: =MID(BB41,5,(2)) | BE41: =RIGHT(BB41,(4)) -> 0 | BF41: =MONTH(DATEVALUE(BC41&1)) -> #VALUE! | BG41: =DATE(BE41,BF41,BD41) -> #VALUE! | BH41: =VALUE(BD41) -> #VALUE! | BI41: =IF(BH41=1,"FIRST",IF(BH41=2,"SECOND",IF(BH41=3,"THIRD",IF(BH41=4,"FOURTH",IF(BH41=5,"FIFTH",IF(BH41=6,"SIXTH",IF(BH41=7,"SEVENTH",IF(BH41=8,"EIGHTH",IF(BH41=9,"NINTH",IF(BH41=10,"TENTH",IF(BH41=11,"ELEVENTH",IF(BH41=12,"TWELFTH",IF(BH41=13,"THIRTEENTH",IF(BH41=14,"FOURTEENTH",IF(BH41=15,"FIFTEENTH",IF(BH41=16,"SIXTEENTH",IF(BH41=17,"SEVENTEENTH",IF(BH41=18,"EIGHTEENTH",IF(BH41=19,"NINETEENTH",IF(BH41=20,"TWENTIETH",IF(BH41=21,"TWENTY FIRST",IF(BH41=22,"TWENTY SECOND",IF(BH41=23,"TWENTY THIRD",IF(BH41=24,"TWENTY FOURTH",IF(BH41=25,"TWENTY FIFTH",IF(BH41=26,"TWENTY SIXTH",IF(BH41=27,"TWENTY SEVENTH",IF(BH41=28,"TWENTY EIGHTH",IF(BH41=29,"TWENTY NINTH",IF(BH41=30,"THIRTIETH",IF(BH41=31,"THIRTY FIRST",""))))))))))))))))))))))))))))))) -> #VALUE! | BJ41: =BC41 -> 0 | BK41: =IF(BJ41="Jan","JANUARY",IF(BJ41="Feb","FEBRUARY",IF(BJ41="Mar","MARCH",IF(BJ41="Apr","APRIL",IF(BJ41="May","MAY",IF(BJ41="Jun","JUNE",IF(BJ41="Jul","JULY",IF(BJ41="Aug","AUGUST",IF(BJ41="Sep","SEPTEMBER",IF(BJ41="Oct","OCTOBER",IF(BJ41="Nov","NOVEMBER",IF(BJ41="Dec","DECEMBER")))))))))))) -> FALSE | BL41: =VALUE(BE41) -> 0 | BM41: =IF(BL41=2000,"TWO THOUSAND",IF(BL41=2001,"TWO THOUSAND ONE",IF(BL41=2002,"TWO THOUSAND TWO",IF(BL41=2003,"TWO THOUSAND THREE",IF(BL41=2004,"TWO THOUSAND FOUR",IF(BL41=2005,"TWO THOUSAND FIVE",IF(BL41=2006,"TWO THOUSAND SIX",IF(BL41=2007,"TWO THOUSAND SEVEN",IF(BL41=2008,"TWO THOUSAND EIGHT",IF(BL41=2009,"TWO THOUSAND NINE",IF(BL41=2010,"TWO THOUSAND TEN",IF(BL41=2011,"TWO THOUSAND ELEVEN",IF(BL41=2012,"TWO THOUSAND TWELVE",IF(BL41=2013,"TWO THOUSAND THIRTEEN",IF(BL41=2014,"TWO THOUSAND FOURTEEN",IF(BL41=2015,"TWO THOUSAND FIFTEEN",IF(BL41=2016,"TWO THOUSAND SIXTEEN",IF(BL41=2017,"TWO THOUSAND SEVENTEEN",IF(BL41=2018,"TWO THOUSAND EIGHTEEN",IF(BL41=2019,"TWO THOUSAND NINETEEN",IF(BL41=2020,"TWO THOUSAND TWENTY",IF(BL41=2021,"TWO THOUSAND TWENTY ONE",IF(BL41=2022,"TWO THOUSAND TWENTY TWO",IF(BL41=2023,"TWO THOUSAND TWENTY THREE",IF(BL41=2024,"TWO THOUSAND TWENTY FOUR",IF(BL41=2025,"TWO THOUSAND TWENTY FIVE",IF(BL41=2026,"TWO THOUSAND TWENTY SIX",IF(BL41=2027,"TWO THOUSAND TWENTY SEVEN",IF(BL41=2028,"TWO THOUSAND TWENTY EIGHT",IF(BL41=2029,"TWO THOUSAND TWENTY NINE",IF(BL41=2030,"TWO THOUSAND THIRTY",IF(BL41=2031,"TWO THOUSAND THIRTY ONE",IF(BL41=2032,"TWO THOUSAND THIRTY TWO",IF(BL41=2033,"TWO THOUSAND THIRTY THREE",IF(BL41=2034,"TWO THOUSAND THIRTY FOUR",IF(BL41=2035,"TWO THOUSAND THIRTY FIVE",IF(BL41=2036,"TWO THOUSAND THIRTY SIX",IF(BL41=2037,"TWO THOUSAND THIRTY SEVEN",IF(BL41=2038,"TWO THOUSAND THIRTY EIGHT",IF(BL41=2039,"TWO THOUSAND THIRTY NINE",IF(BL41=2040,"TWO THOUSAND FORTY",IF(BL41=2041,"TWO THOUSAND FORTY ONE",IF(BL41=2042,"TWO THOUSAND FORTY TWO",IF(BL41=2043,"TWO THOUSAND FORTY THREE",IF(BL41=2044,"TWO THOUSAND FORTY FOUR",IF(BL41=2045,"TWO THOUSAND FORTY FIVE",IF(BL41=2046,"TWO THOUSAND FORTY SIX",IF(BL41=2047,"TWO THOUSAND FORTY SEVEN",IF(BL41=2048,"TWO THOUSAND FORTY EIGHT",IF(BL41=2049,"TWO THOUSAND FORTY NINE",IF(BL41=2050,"TWO THOUSAND FIFTY"))))))))))))))))))))))))))))))))))))))))))))))))))) -> FALSE | BN41: =BI41&" "&BK41&" "&BM41 -> #VALUE! | BO41: =IF(O41="SC","SC",IF(O41="ST","ST",IF(O41="OBC","OBC",IF(O41="PH","PH",IF(Q41="Muslim","MIN",IF(Q41="Sikh","MIN",IF(Q41="Christian","MIN",IF(Q41="Jain","MIN",IF(Q41="Parsi","MIN",IF(Q41="Hindu","GEN")))))))))) -> FALSE | BP41: =IF(P41="Female","F",IF(P41="Transgender","T",IF(P41="Male","M","")))
A42: 41 | B42: =B41 -> III-A | BB42: =G42 -> 0 | BC42: =LEFT(BB42,(3)) -> 0 | BD42: =MID(BB42,5,(2)) | BE42: =RIGHT(BB42,(4)) -> 0 | BF42: =MONTH(DATEVALUE(BC42&1)) -> #VALUE! | BG42: =DATE(BE42,BF42,BD42) -> #VALUE! | BH42: =VALUE(BD42) -> #VALUE! | BI42: =IF(BH42=1,"FIRST",IF(BH42=2,"SECOND",IF(BH42=3,"THIRD",IF(BH42=4,"FOURTH",IF(BH42=5,"FIFTH",IF(BH42=6,"SIXTH",IF(BH42=7,"SEVENTH",IF(BH42=8,"EIGHTH",IF(BH42=9,"NINTH",IF(BH42=10,"TENTH",IF(BH42=11,"ELEVENTH",IF(BH42=12,"TWELFTH",IF(BH42=13,"THIRTEENTH",IF(BH42=14,"FOURTEENTH",IF(BH42=15,"FIFTEENTH",IF(BH42=16,"SIXTEENTH",IF(BH42=17,"SEVENTEENTH",IF(BH42=18,"EIGHTEENTH",IF(BH42=19,"NINETEENTH",IF(BH42=20,"TWENTIETH",IF(BH42=21,"TWENTY FIRST",IF(BH42=22,"TWENTY SECOND",IF(BH42=23,"TWENTY THIRD",IF(BH42=24,"TWENTY FOURTH",IF(BH42=25,"TWENTY FIFTH",IF(BH42=26,"TWENTY SIXTH",IF(BH42=27,"TWENTY SEVENTH",IF(BH42=28,"TWENTY EIGHTH",IF(BH42=29,"TWENTY NINTH",IF(BH42=30,"THIRTIETH",IF(BH42=31,"THIRTY FIRST",""))))))))))))))))))))))))))))))) -> #VALUE! | BJ42: =BC42 -> 0 | BK42: =IF(BJ42="Jan","JANUARY",IF(BJ42="Feb","FEBRUARY",IF(BJ42="Mar","MARCH",IF(BJ42="Apr","APRIL",IF(BJ42="May","MAY",IF(BJ42="Jun","JUNE",IF(BJ42="Jul","JULY",IF(BJ42="Aug","AUGUST",IF(BJ42="Sep","SEPTEMBER",IF(BJ42="Oct","OCTOBER",IF(BJ42="Nov","NOVEMBER",IF(BJ42="Dec","DECEMBER")))))))))))) -> FALSE | BL42: =VALUE(BE42) -> 0 | BM42: =IF(BL42=2000,"TWO THOUSAND",IF(BL42=2001,"TWO THOUSAND ONE",IF(BL42=2002,"TWO THOUSAND TWO",IF(BL42=2003,"TWO THOUSAND THREE",IF(BL42=2004,"TWO THOUSAND FOUR",IF(BL42=2005,"TWO THOUSAND FIVE",IF(BL42=2006,"TWO THOUSAND SIX",IF(BL42=2007,"TWO THOUSAND SEVEN",IF(BL42=2008,"TWO THOUSAND EIGHT",IF(BL42=2009,"TWO THOUSAND NINE",IF(BL42=2010,"TWO THOUSAND TEN",IF(BL42=2011,"TWO THOUSAND ELEVEN",IF(BL42=2012,"TWO THOUSAND TWELVE",IF(BL42=2013,"TWO THOUSAND THIRTEEN",IF(BL42=2014,"TWO THOUSAND FOURTEEN",IF(BL42=2015,"TWO THOUSAND FIFTEEN",IF(BL42=2016,"TWO THOUSAND SIXTEEN",IF(BL42=2017,"TWO THOUSAND SEVENTEEN",IF(BL42=2018,"TWO THOUSAND EIGHTEEN",IF(BL42=2019,"TWO THOUSAND NINETEEN",IF(BL42=2020,"TWO THOUSAND TWENTY",IF(BL42=2021,"TWO THOUSAND TWENTY ONE",IF(BL42=2022,"TWO THOUSAND TWENTY TWO",IF(BL42=2023,"TWO THOUSAND TWENTY THREE",IF(BL42=2024,"TWO THOUSAND TWENTY FOUR",IF(BL42=2025,"TWO THOUSAND TWENTY FIVE",IF(BL42=2026,"TWO THOUSAND TWENTY SIX",IF(BL42=2027,"TWO THOUSAND TWENTY SEVEN",IF(BL42=2028,"TWO THOUSAND TWENTY EIGHT",IF(BL42=2029,"TWO THOUSAND TWENTY NINE",IF(BL42=2030,"TWO THOUSAND THIRTY",IF(BL42=2031,"TWO THOUSAND THIRTY ONE",IF(BL42=2032,"TWO THOUSAND THIRTY TWO",IF(BL42=2033,"TWO THOUSAND THIRTY THREE",IF(BL42=2034,"TWO THOUSAND THIRTY FOUR",IF(BL42=2035,"TWO THOUSAND THIRTY FIVE",IF(BL42=2036,"TWO THOUSAND THIRTY SIX",IF(BL42=2037,"TWO THOUSAND THIRTY SEVEN",IF(BL42=2038,"TWO THOUSAND THIRTY EIGHT",IF(BL42=2039,"TWO THOUSAND THIRTY NINE",IF(BL42=2040,"TWO THOUSAND FORTY",IF(BL42=2041,"TWO THOUSAND FORTY ONE",IF(BL42=2042,"TWO THOUSAND FORTY TWO",IF(BL42=2043,"TWO THOUSAND FORTY THREE",IF(BL42=2044,"TWO THOUSAND FORTY FOUR",IF(BL42=2045,"TWO THOUSAND FORTY FIVE",IF(BL42=2046,"TWO THOUSAND FORTY SIX",IF(BL42=2047,"TWO THOUSAND FORTY SEVEN",IF(BL42=2048,"TWO THOUSAND FORTY EIGHT",IF(BL42=2049,"TWO THOUSAND FORTY NINE",IF(BL42=2050,"TWO THOUSAND FIFTY"))))))))))))))))))))))))))))))))))))))))))))))))))) -> FALSE | BN42: =BI42&" "&BK42&" "&BM42 -> #VALUE! | BO42: =IF(O42="SC","SC",IF(O42="ST","ST",IF(O42="OBC","OBC",IF(O42="PH","PH",IF(Q42="Muslim","MIN",IF(Q42="Sikh","MIN",IF(Q42="Christian","MIN",IF(Q42="Jain","MIN",IF(Q42="Parsi","MIN",IF(Q42="Hindu","GEN")))))))))) -> FALSE | BP42: =IF(P42="Female","F",IF(P42="Transgender","T",IF(P42="Male","M","")))
A43: 42 | B43: =B42 -> III-A | BB43: =G43 -> 0 | BC43: =LEFT(BB43,(3)) -> 0 | BD43: =MID(BB43,5,(2)) | BE43: =RIGHT(BB43,(4)) -> 0 | BF43: =MONTH(DATEVALUE(BC43&1)) -> #VALUE! | BG43: =DATE(BE43,BF43,BD43) -> #VALUE! | BH43: =VALUE(BD43) -> #VALUE! | BI43: =IF(BH43=1,"FIRST",IF(BH43=2,"SECOND",IF(BH43=3,"THIRD",IF(BH43=4,"FOURTH",IF(BH43=5,"FIFTH",IF(BH43=6,"SIXTH",IF(BH43=7,"SEVENTH",IF(BH43=8,"EIGHTH",IF(BH43=9,"NINTH",IF(BH43=10,"TENTH",IF(BH43=11,"ELEVENTH",IF(BH43=12,"TWELFTH",IF(BH43=13,"THIRTEENTH",IF(BH43=14,"FOURTEENTH",IF(BH43=15,"FIFTEENTH",IF(BH43=16,"SIXTEENTH",IF(BH43=17,"SEVENTEENTH",IF(BH43=18,"EIGHTEENTH",IF(BH43=19,"NINETEENTH",IF(BH43=20,"TWENTIETH",IF(BH43=21,"TWENTY FIRST",IF(BH43=22,"TWENTY SECOND",IF(BH43=23,"TWENTY THIRD",IF(BH43=24,"TWENTY FOURTH",IF(BH43=25,"TWENTY FIFTH",IF(BH43=26,"TWENTY SIXTH",IF(BH43=27,"TWENTY SEVENTH",IF(BH43=28,"TWENTY EIGHTH",IF(BH43=29,"TWENTY NINTH",IF(BH43=30,"THIRTIETH",IF(BH43=31,"THIRTY FIRST",""))))))))))))))))))))))))))))))) -> #VALUE! | BJ43: =BC43 -> 0 | BK43: =IF(BJ43="Jan","JANUARY",IF(BJ43="Feb","FEBRUARY",IF(BJ43="Mar","MARCH",IF(BJ43="Apr","APRIL",IF(BJ43="May","MAY",IF(BJ43="Jun","JUNE",IF(BJ43="Jul","JULY",IF(BJ43="Aug","AUGUST",IF(BJ43="Sep","SEPTEMBER",IF(BJ43="Oct","OCTOBER",IF(BJ43="Nov","NOVEMBER",IF(BJ43="Dec","DECEMBER")))))))))))) -> FALSE | BL43: =VALUE(BE43) -> 0 | BM43: =IF(BL43=2000,"TWO THOUSAND",IF(BL43=2001,"TWO THOUSAND ONE",IF(BL43=2002,"TWO THOUSAND TWO",IF(BL43=2003,"TWO THOUSAND THREE",IF(BL43=2004,"TWO THOUSAND FOUR",IF(BL43=2005,"TWO THOUSAND FIVE",IF(BL43=2006,"TWO THOUSAND SIX",IF(BL43=2007,"TWO THOUSAND SEVEN",IF(BL43=2008,"TWO THOUSAND EIGHT",IF(BL43=2009,"TWO THOUSAND NINE",IF(BL43=2010,"TWO THOUSAND TEN",IF(BL43=2011,"TWO THOUSAND ELEVEN",IF(BL43=2012,"TWO THOUSAND TWELVE",IF(BL43=2013,"TWO THOUSAND THIRTEEN",IF(BL43=2014,"TWO THOUSAND FOURTEEN",IF(BL43=2015,"TWO THOUSAND FIFTEEN",IF(BL43=2016,"TWO THOUSAND SIXTEEN",IF(BL43=2017,"TWO THOUSAND SEVENTEEN",IF(BL43=2018,"TWO THOUSAND EIGHTEEN",IF(BL43=2019,"TWO THOUSAND NINETEEN",IF(BL43=2020,"TWO THOUSAND TWENTY",IF(BL43=2021,"TWO THOUSAND TWENTY ONE",IF(BL43=2022,"TWO THOUSAND TWENTY TWO",IF(BL43=2023,"TWO THOUSAND TWENTY THREE",IF(BL43=2024,"TWO THOUSAND TWENTY FOUR",IF(BL43=2025,"TWO THOUSAND TWENTY FIVE",IF(BL43=2026,"TWO THOUSAND TWENTY SIX",IF(BL43=2027,"TWO THOUSAND TWENTY SEVEN",IF(BL43=2028,"TWO THOUSAND TWENTY EIGHT",IF(BL43=2029,"TWO THOUSAND TWENTY NINE",IF(BL43=2030,"TWO THOUSAND THIRTY",IF(BL43=2031,"TWO THOUSAND THIRTY ONE",IF(BL43=2032,"TWO THOUSAND THIRTY TWO",IF(BL43=2033,"TWO THOUSAND THIRTY THREE",IF(BL43=2034,"TWO THOUSAND THIRTY FOUR",IF(BL43=2035,"TWO THOUSAND THIRTY FIVE",IF(BL43=2036,"TWO THOUSAND THIRTY SIX",IF(BL43=2037,"TWO THOUSAND THIRTY SEVEN",IF(BL43=2038,"TWO THOUSAND THIRTY EIGHT",IF(BL43=2039,"TWO THOUSAND THIRTY NINE",IF(BL43=2040,"TWO THOUSAND FORTY",IF(BL43=2041,"TWO THOUSAND FORTY ONE",IF(BL43=2042,"TWO THOUSAND FORTY TWO",IF(BL43=2043,"TWO THOUSAND FORTY THREE",IF(BL43=2044,"TWO THOUSAND FORTY FOUR",IF(BL43=2045,"TWO THOUSAND FORTY FIVE",IF(BL43=2046,"TWO THOUSAND FORTY SIX",IF(BL43=2047,"TWO THOUSAND FORTY SEVEN",IF(BL43=2048,"TWO THOUSAND FORTY EIGHT",IF(BL43=2049,"TWO THOUSAND FORTY NINE",IF(BL43=2050,"TWO THOUSAND FIFTY"))))))))))))))))))))))))))))))))))))))))))))))))))) -> FALSE | BN43: =BI43&" "&BK43&" "&BM43 -> #VALUE! | BO43: =IF(O43="SC","SC",IF(O43="ST","ST",IF(O43="OBC","OBC",IF(O43="PH","PH",IF(Q43="Muslim","MIN",IF(Q43="Sikh","MIN",IF(Q43="Christian","MIN",IF(Q43="Jain","MIN",IF(Q43="Parsi","MIN",IF(Q43="Hindu","GEN")))))))))) -> FALSE | BP43: =IF(P43="Female","F",IF(P43="Transgender","T",IF(P43="Male","M","")))
A44: 43 | B44: =B43 -> III-A | BB44: =G44 -> 0 | BC44: =LEFT(BB44,(3)) -> 0 | BD44: =MID(BB44,5,(2)) | BE44: =RIGHT(BB44,(4)) -> 0 | BF44: =MONTH(DATEVALUE(BC44&1)) -> #VALUE! | BG44: =DATE(BE44,BF44,BD44) -> #VALUE! | BH44: =VALUE(BD44) -> #VALUE! | BI44: =IF(BH44=1,"FIRST",IF(BH44=2,"SECOND",IF(BH44=3,"THIRD",IF(BH44=4,"FOURTH",IF(BH44=5,"FIFTH",IF(BH44=6,"SIXTH",IF(BH44=7,"SEVENTH",IF(BH44=8,"EIGHTH",IF(BH44=9,"NINTH",IF(BH44=10,"TENTH",IF(BH44=11,"ELEVENTH",IF(BH44=12,"TWELFTH",IF(BH44=13,"THIRTEENTH",IF(BH44=14,"FOURTEENTH",IF(BH44=15,"FIFTEENTH",IF(BH44=16,"SIXTEENTH",IF(BH44=17,"SEVENTEENTH",IF(BH44=18,"EIGHTEENTH",IF(BH44=19,"NINETEENTH",IF(BH44=20,"TWENTIETH",IF(BH44=21,"TWENTY FIRST",IF(BH44=22,"TWENTY SECOND",IF(BH44=23,"TWENTY THIRD",IF(BH44=24,"TWENTY FOURTH",IF(BH44=25,"TWENTY FIFTH",IF(BH44=26,"TWENTY SIXTH",IF(BH44=27,"TWENTY SEVENTH",IF(BH44=28,"TWENTY EIGHTH",IF(BH44=29,"TWENTY NINTH",IF(BH44=30,"THIRTIETH",IF(BH44=31,"THIRTY FIRST",""))))))))))))))))))))))))))))))) -> #VALUE! | BJ44: =BC44 -> 0 | BK44: =IF(BJ44="Jan","JANUARY",IF(BJ44="Feb","FEBRUARY",IF(BJ44="Mar","MARCH",IF(BJ44="Apr","APRIL",IF(BJ44="May","MAY",IF(BJ44="Jun","JUNE",IF(BJ44="Jul","JULY",IF(BJ44="Aug","AUGUST",IF(BJ44="Sep","SEPTEMBER",IF(BJ44="Oct","OCTOBER",IF(BJ44="Nov","NOVEMBER",IF(BJ44="Dec","DECEMBER")))))))))))) -> FALSE | BL44: =VALUE(BE44) -> 0 | BM44: =IF(BL44=2000,"TWO THOUSAND",IF(BL44=2001,"TWO THOUSAND ONE",IF(BL44=2002,"TWO THOUSAND TWO",IF(BL44=2003,"TWO THOUSAND THREE",IF(BL44=2004,"TWO THOUSAND FOUR",IF(BL44=2005,"TWO THOUSAND FIVE",IF(BL44=2006,"TWO THOUSAND SIX",IF(BL44=2007,"TWO THOUSAND SEVEN",IF(BL44=2008,"TWO THOUSAND EIGHT",IF(BL44=2009,"TWO THOUSAND NINE",IF(BL44=2010,"TWO THOUSAND TEN",IF(BL44=2011,"TWO THOUSAND ELEVEN",IF(BL44=2012,"TWO THOUSAND TWELVE",IF(BL44=2013,"TWO THOUSAND THIRTEEN",IF(BL44=2014,"TWO THOUSAND FOURTEEN",IF(BL44=2015,"TWO THOUSAND FIFTEEN",IF(BL44=2016,"TWO THOUSAND SIXTEEN",IF(BL44=2017,"TWO THOUSAND SEVENTEEN",IF(BL44=2018,"TWO THOUSAND EIGHTEEN",IF(BL44=2019,"TWO THOUSAND NINETEEN",IF(BL44=2020,"TWO THOUSAND TWENTY",IF(BL44=2021,"TWO THOUSAND TWENTY ONE",IF(BL44=2022,"TWO THOUSAND TWENTY TWO",IF(BL44=2023,"TWO THOUSAND TWENTY THREE",IF(BL44=2024,"TWO THOUSAND TWENTY FOUR",IF(BL44=2025,"TWO THOUSAND TWENTY FIVE",IF(BL44=2026,"TWO THOUSAND TWENTY SIX",IF(BL44=2027,"TWO THOUSAND TWENTY SEVEN",IF(BL44=2028,"TWO THOUSAND TWENTY EIGHT",IF(BL44=2029,"TWO THOUSAND TWENTY NINE",IF(BL44=2030,"TWO THOUSAND THIRTY",IF(BL44=2031,"TWO THOUSAND THIRTY ONE",IF(BL44=2032,"TWO THOUSAND THIRTY TWO",IF(BL44=2033,"TWO THOUSAND THIRTY THREE",IF(BL44=2034,"TWO THOUSAND THIRTY FOUR",IF(BL44=2035,"TWO THOUSAND THIRTY FIVE",IF(BL44=2036,"TWO THOUSAND THIRTY SIX",IF(BL44=2037,"TWO THOUSAND THIRTY SEVEN",IF(BL44=2038,"TWO THOUSAND THIRTY EIGHT",IF(BL44=2039,"TWO THOUSAND THIRTY NINE",IF(BL44=2040,"TWO THOUSAND FORTY",IF(BL44=2041,"TWO THOUSAND FORTY ONE",IF(BL44=2042,"TWO THOUSAND FORTY TWO",IF(BL44=2043,"TWO THOUSAND FORTY THREE",IF(BL44=2044,"TWO THOUSAND FORTY FOUR",IF(BL44=2045,"TWO THOUSAND FORTY FIVE",IF(BL44=2046,"TWO THOUSAND FORTY SIX",IF(BL44=2047,"TWO THOUSAND FORTY SEVEN",IF(BL44=2048,"TWO THOUSAND FORTY EIGHT",IF(BL44=2049,"TWO THOUSAND FORTY NINE",IF(BL44=2050,"TWO THOUSAND FIFTY"))))))))))))))))))))))))))))))))))))))))))))))))))) -> FALSE | BN44: =BI44&" "&BK44&" "&BM44 -> #VALUE! | BO44: =IF(O44="SC","SC",IF(O44="ST","ST",IF(O44="OBC","OBC",IF(O44="PH","PH",IF(Q44="Muslim","MIN",IF(Q44="Sikh","MIN",IF(Q44="Christian","MIN",IF(Q44="Jain","MIN",IF(Q44="Parsi","MIN",IF(Q44="Hindu","GEN")))))))))) -> FALSE | BP44: =IF(P44="Female","F",IF(P44="Transgender","T",IF(P44="Male","M","")))
A45: 44 | B45: =B44 -> III-A | BB45: =G45 -> 0 | BC45: =LEFT(BB45,(3)) -> 0 | BD45: =MID(BB45,5,(2)) | BE45: =RIGHT(BB45,(4)) -> 0 | BF45: =MONTH(DATEVALUE(BC45&1)) -> #VALUE! | BG45: =DATE(BE45,BF45,BD45) -> #VALUE! | BH45: =VALUE(BD45) -> #VALUE! | BI45: =IF(BH45=1,"FIRST",IF(BH45=2,"SECOND",IF(BH45=3,"THIRD",IF(BH45=4,"FOURTH",IF(BH45=5,"FIFTH",IF(BH45=6,"SIXTH",IF(BH45=7,"SEVENTH",IF(BH45=8,"EIGHTH",IF(BH45=9,"NINTH",IF(BH45=10,"TENTH",IF(BH45=11,"ELEVENTH",IF(BH45=12,"TWELFTH",IF(BH45=13,"THIRTEENTH",IF(BH45=14,"FOURTEENTH",IF(BH45=15,"FIFTEENTH",IF(BH45=16,"SIXTEENTH",IF(BH45=17,"SEVENTEENTH",IF(BH45=18,"EIGHTEENTH",IF(BH45=19,"NINETEENTH",IF(BH45=20,"TWENTIETH",IF(BH45=21,"TWENTY FIRST",IF(BH45=22,"TWENTY SECOND",IF(BH45=23,"TWENTY THIRD",IF(BH45=24,"TWENTY FOURTH",IF(BH45=25,"TWENTY FIFTH",IF(BH45=26,"TWENTY SIXTH",IF(BH45=27,"TWENTY SEVENTH",IF(BH45=28,"TWENTY EIGHTH",IF(BH45=29,"TWENTY NINTH",IF(BH45=30,"THIRTIETH",IF(BH45=31,"THIRTY FIRST",""))))))))))))))))))))))))))))))) -> #VALUE! | BJ45: =BC45 -> 0 | BK45: =IF(BJ45="Jan","JANUARY",IF(BJ45="Feb","FEBRUARY",IF(BJ45="Mar","MARCH",IF(BJ45="Apr","APRIL",IF(BJ45="May","MAY",IF(BJ45="Jun","JUNE",IF(BJ45="Jul","JULY",IF(BJ45="Aug","AUGUST",IF(BJ45="Sep","SEPTEMBER",IF(BJ45="Oct","OCTOBER",IF(BJ45="Nov","NOVEMBER",IF(BJ45="Dec","DECEMBER")))))))))))) -> FALSE | BL45: =VALUE(BE45) -> 0 | BM45: =IF(BL45=2000,"TWO THOUSAND",IF(BL45=2001,"TWO THOUSAND ONE",IF(BL45=2002,"TWO THOUSAND TWO",IF(BL45=2003,"TWO THOUSAND THREE",IF(BL45=2004,"TWO THOUSAND FOUR",IF(BL45=2005,"TWO THOUSAND FIVE",IF(BL45=2006,"TWO THOUSAND SIX",IF(BL45=2007,"TWO THOUSAND SEVEN",IF(BL45=2008,"TWO THOUSAND EIGHT",IF(BL45=2009,"TWO THOUSAND NINE",IF(BL45=2010,"TWO THOUSAND TEN",IF(BL45=2011,"TWO THOUSAND ELEVEN",IF(BL45=2012,"TWO THOUSAND TWELVE",IF(BL45=2013,"TWO THOUSAND THIRTEEN",IF(BL45=2014,"TWO THOUSAND FOURTEEN",IF(BL45=2015,"TWO THOUSAND FIFTEEN",IF(BL45=2016,"TWO THOUSAND SIXTEEN",IF(BL45=2017,"TWO THOUSAND SEVENTEEN",IF(BL45=2018,"TWO THOUSAND EIGHTEEN",IF(BL45=2019,"TWO THOUSAND NINETEEN",IF(BL45=2020,"TWO THOUSAND TWENTY",IF(BL45=2021,"TWO THOUSAND TWENTY ONE",IF(BL45=2022,"TWO THOUSAND TWENTY TWO",IF(BL45=2023,"TWO THOUSAND TWENTY THREE",IF(BL45=2024,"TWO THOUSAND TWENTY FOUR",IF(BL45=2025,"TWO THOUSAND TWENTY FIVE",IF(BL45=2026,"TWO THOUSAND TWENTY SIX",IF(BL45=2027,"TWO THOUSAND TWENTY SEVEN",IF(BL45=2028,"TWO THOUSAND TWENTY EIGHT",IF(BL45=2029,"TWO THOUSAND TWENTY NINE",IF(BL45=2030,"TWO THOUSAND THIRTY",IF(BL45=2031,"TWO THOUSAND THIRTY ONE",IF(BL45=2032,"TWO THOUSAND THIRTY TWO",IF(BL45=2033,"TWO THOUSAND THIRTY THREE",IF(BL45=2034,"TWO THOUSAND THIRTY FOUR",IF(BL45=2035,"TWO THOUSAND THIRTY FIVE",IF(BL45=2036,"TWO THOUSAND THIRTY SIX",IF(BL45=2037,"TWO THOUSAND THIRTY SEVEN",IF(BL45=2038,"TWO THOUSAND THIRTY EIGHT",IF(BL45=2039,"TWO THOUSAND THIRTY NINE",IF(BL45=2040,"TWO THOUSAND FORTY",IF(BL45=2041,"TWO THOUSAND FORTY ONE",IF(BL45=2042,"TWO THOUSAND FORTY TWO",IF(BL45=2043,"TWO THOUSAND FORTY THREE",IF(BL45=2044,"TWO THOUSAND FORTY FOUR",IF(BL45=2045,"TWO THOUSAND FORTY FIVE",IF(BL45=2046,"TWO THOUSAND FORTY SIX",IF(BL45=2047,"TWO THOUSAND FORTY SEVEN",IF(BL45=2048,"TWO THOUSAND FORTY EIGHT",IF(BL45=2049,"TWO THOUSAND FORTY NINE",IF(BL45=2050,"TWO THOUSAND FIFTY"))))))))))))))))))))))))))))))))))))))))))))))))))) -> FALSE | BN45: =BI45&" "&BK45&" "&BM45 -> #VALUE! | BO45: =IF(O45="SC","SC",IF(O45="ST","ST",IF(O45="OBC","OBC",IF(O45="PH","PH",IF(Q45="Muslim","MIN",IF(Q45="Sikh","MIN",IF(Q45="Christian","MIN",IF(Q45="Jain","MIN",IF(Q45="Parsi","MIN",IF(Q45="Hindu","GEN")))))))))) -> FALSE | BP45: =IF(P45="Female","F",IF(P45="Transgender","T",IF(P45="Male","M","")))
A46: 45 | B46: =B45 -> III-A | BB46: =G46 -> 0 | BC46: =LEFT(BB46,(3)) -> 0 | BD46: =MID(BB46,5,(2)) | BE46: =RIGHT(BB46,(4)) -> 0 | BF46: =MONTH(DATEVALUE(BC46&1)) -> #VALUE! | BG46: =DATE(BE46,BF46,BD46) -> #VALUE! | BH46: =VALUE(BD46) -> #VALUE! | BI46: =IF(BH46=1,"FIRST",IF(BH46=2,"SECOND",IF(BH46=3,"THIRD",IF(BH46=4,"FOURTH",IF(BH46=5,"FIFTH",IF(BH46=6,"SIXTH",IF(BH46=7,"SEVENTH",IF(BH46=8,"EIGHTH",IF(BH46=9,"NINTH",IF(BH46=10,"TENTH",IF(BH46=11,"ELEVENTH",IF(BH46=12,"TWELFTH",IF(BH46=13,"THIRTEENTH",IF(BH46=14,"FOURTEENTH",IF(BH46=15,"FIFTEENTH",IF(BH46=16,"SIXTEENTH",IF(BH46=17,"SEVENTEENTH",IF(BH46=18,"EIGHTEENTH",IF(BH46=19,"NINETEENTH",IF(BH46=20,"TWENTIETH",IF(BH46=21,"TWENTY FIRST",IF(BH46=22,"TWENTY SECOND",IF(BH46=23,"TWENTY THIRD",IF(BH46=24,"TWENTY FOURTH",IF(BH46=25,"TWENTY FIFTH",IF(BH46=26,"TWENTY SIXTH",IF(BH46=27,"TWENTY SEVENTH",IF(BH46=28,"TWENTY EIGHTH",IF(BH46=29,"TWENTY NINTH",IF(BH46=30,"THIRTIETH",IF(BH46=31,"THIRTY FIRST",""))))))))))))))))))))))))))))))) -> #VALUE! | BJ46: =BC46 -> 0 | BK46: =IF(BJ46="Jan","JANUARY",IF(BJ46="Feb","FEBRUARY",IF(BJ46="Mar","MARCH",IF(BJ46="Apr","APRIL",IF(BJ46="May","MAY",IF(BJ46="Jun","JUNE",IF(BJ46="Jul","JULY",IF(BJ46="Aug","AUGUST",IF(BJ46="Sep","SEPTEMBER",IF(BJ46="Oct","OCTOBER",IF(BJ46="Nov","NOVEMBER",IF(BJ46="Dec","DECEMBER")))))))))))) -> FALSE | BL46: =VALUE(BE46) -> 0 | BM46: =IF(BL46=2000,"TWO THOUSAND",IF(BL46=2001,"TWO THOUSAND ONE",IF(BL46=2002,"TWO THOUSAND TWO",IF(BL46=2003,"TWO THOUSAND THREE",IF(BL46=2004,"TWO THOUSAND FOUR",IF(BL46=2005,"TWO THOUSAND FIVE",IF(BL46=2006,"TWO THOUSAND SIX",IF(BL46=2007,"TWO THOUSAND SEVEN",IF(BL46=2008,"TWO THOUSAND EIGHT",IF(BL46=2009,"TWO THOUSAND NINE",IF(BL46=2010,"TWO THOUSAND TEN",IF(BL46=2011,"TWO THOUSAND ELEVEN",IF(BL46=2012,"TWO THOUSAND TWELVE",IF(BL46=2013,"TWO THOUSAND THIRTEEN",IF(BL46=2014,"TWO THOUSAND FOURTEEN",IF(BL46=2015,"TWO THOUSAND FIFTEEN",IF(BL46=2016,"TWO THOUSAND SIXTEEN",IF(BL46=2017,"TWO THOUSAND SEVENTEEN",IF(BL46=2018,"TWO THOUSAND EIGHTEEN",IF(BL46=2019,"TWO THOUSAND NINETEEN",IF(BL46=2020,"TWO THOUSAND TWENTY",IF(BL46=2021,"TWO THOUSAND TWENTY ONE",IF(BL46=2022,"TWO THOUSAND TWENTY TWO",IF(BL46=2023,"TWO THOUSAND TWENTY THREE",IF(BL46=2024,"TWO THOUSAND TWENTY FOUR",IF(BL46=2025,"TWO THOUSAND TWENTY FIVE",IF(BL46=2026,"TWO THOUSAND TWENTY SIX",IF(BL46=2027,"TWO THOUSAND TWENTY SEVEN",IF(BL46=2028,"TWO THOUSAND TWENTY EIGHT",IF(BL46=2029,"TWO THOUSAND TWENTY NINE",IF(BL46=2030,"TWO THOUSAND THIRTY",IF(BL46=2031,"TWO THOUSAND THIRTY ONE",IF(BL46=2032,"TWO THOUSAND THIRTY TWO",IF(BL46=2033,"TWO THOUSAND THIRTY THREE",IF(BL46=2034,"TWO THOUSAND THIRTY FOUR",IF(BL46=2035,"TWO THOUSAND THIRTY FIVE",IF(BL46=2036,"TWO THOUSAND THIRTY SIX",IF(BL46=2037,"TWO THOUSAND THIRTY SEVEN",IF(BL46=2038,"TWO THOUSAND THIRTY EIGHT",IF(BL46=2039,"TWO THOUSAND THIRTY NINE",IF(BL46=2040,"TWO THOUSAND FORTY",IF(BL46=2041,"TWO THOUSAND FORTY ONE",IF(BL46=2042,"TWO THOUSAND FORTY TWO",IF(BL46=2043,"TWO THOUSAND FORTY THREE",IF(BL46=2044,"TWO THOUSAND FORTY FOUR",IF(BL46=2045,"TWO THOUSAND FORTY FIVE",IF(BL46=2046,"TWO THOUSAND FORTY SIX",IF(BL46=2047,"TWO THOUSAND FORTY SEVEN",IF(BL46=2048,"TWO THOUSAND FORTY EIGHT",IF(BL46=2049,"TWO THOUSAND FORTY NINE",IF(BL46=2050,"TWO THOUSAND FIFTY"))))))))))))))))))))))))))))))))))))))))))))))))))) -> FALSE | BN46: =BI46&" "&BK46&" "&BM46 -> #VALUE! | BO46: =IF(O46="SC","SC",IF(O46="ST","ST",IF(O46="OBC","OBC",IF(O46="PH","PH",IF(Q46="Muslim","MIN",IF(Q46="Sikh","MIN",IF(Q46="Christian","MIN",IF(Q46="Jain","MIN",IF(Q46="Parsi","MIN",IF(Q46="Hindu","GEN")))))))))) -> FALSE | BP46: =IF(P46="Female","F",IF(P46="Transgender","T",IF(P46="Male","M","")))
A47: 46 | B47: =B46 -> III-A | BB47: =G47 -> 0 | BC47: =LEFT(BB47,(3)) -> 0 | BD47: =MID(BB47,5,(2)) | BE47: =RIGHT(BB47,(4)) -> 0 | BF47: =MONTH(DATEVALUE(BC47&1)) -> #VALUE! | BG47: =DATE(BE47,BF47,BD47) -> #VALUE! | BH47: =VALUE(BD47) -> #VALUE! | BI47: =IF(BH47=1,"FIRST",IF(BH47=2,"SECOND",IF(BH47=3,"THIRD",IF(BH47=4,"FOURTH",IF(BH47=5,"FIFTH",IF(BH47=6,"SIXTH",IF(BH47=7,"SEVENTH",IF(BH47=8,"EIGHTH",IF(BH47=9,"NINTH",IF(BH47=10,"TENTH",IF(BH47=11,"ELEVENTH",IF(BH47=12,"TWELFTH",IF(BH47=13,"THIRTEENTH",IF(BH47=14,"FOURTEENTH",IF(BH47=15,"FIFTEENTH",IF(BH47=16,"SIXTEENTH",IF(BH47=17,"SEVENTEENTH",IF(BH47=18,"EIGHTEENTH",IF(BH47=19,"NINETEENTH",IF(BH47=20,"TWENTIETH",IF(BH47=21,"TWENTY FIRST",IF(BH47=22,"TWENTY SECOND",IF(BH47=23,"TWENTY THIRD",IF(BH47=24,"TWENTY FOURTH",IF(BH47=25,"TWENTY FIFTH",IF(BH47=26,"TWENTY SIXTH",IF(BH47=27,"TWENTY SEVENTH",IF(BH47=28,"TWENTY EIGHTH",IF(BH47=29,"TWENTY NINTH",IF(BH47=30,"THIRTIETH",IF(BH47=31,"THIRTY FIRST",""))))))))))))))))))))))))))))))) -> #VALUE! | BJ47: =BC47 -> 0 | BK47: =IF(BJ47="Jan","JANUARY",IF(BJ47="Feb","FEBRUARY",IF(BJ47="Mar","MARCH",IF(BJ47="Apr","APRIL",IF(BJ47="May","MAY",IF(BJ47="Jun","JUNE",IF(BJ47="Jul","JULY",IF(BJ47="Aug","AUGUST",IF(BJ47="Sep","SEPTEMBER",IF(BJ47="Oct","OCTOBER",IF(BJ47="Nov","NOVEMBER",IF(BJ47="Dec","DECEMBER")))))))))))) -> FALSE | BL47: =VALUE(BE47) -> 0 | BM47: =IF(BL47=2000,"TWO THOUSAND",IF(BL47=2001,"TWO THOUSAND ONE",IF(BL47=2002,"TWO THOUSAND TWO",IF(BL47=2003,"TWO THOUSAND THREE",IF(BL47=2004,"TWO THOUSAND FOUR",IF(BL47=2005,"TWO THOUSAND FIVE",IF(BL47=2006,"TWO THOUSAND SIX",IF(BL47=2007,"TWO THOUSAND SEVEN",IF(BL47=2008,"TWO THOUSAND EIGHT",IF(BL47=2009,"TWO THOUSAND NINE",IF(BL47=2010,"TWO THOUSAND TEN",IF(BL47=2011,"TWO THOUSAND ELEVEN",IF(BL47=2012,"TWO THOUSAND TWELVE",IF(BL47=2013,"TWO THOUSAND THIRTEEN",IF(BL47=2014,"TWO THOUSAND FOURTEEN",IF(BL47=2015,"TWO THOUSAND FIFTEEN",IF(BL47=2016,"TWO THOUSAND SIXTEEN",IF(BL47=2017,"TWO THOUSAND SEVENTEEN",IF(BL47=2018,"TWO THOUSAND EIGHTEEN",IF(BL47=2019,"TWO THOUSAND NINETEEN",IF(BL47=2020,"TWO THOUSAND TWENTY",IF(BL47=2021,"TWO THOUSAND TWENTY ONE",IF(BL47=2022,"TWO THOUSAND TWENTY TWO",IF(BL47=2023,"TWO THOUSAND TWENTY THREE",IF(BL47=2024,"TWO THOUSAND TWENTY FOUR",IF(BL47=2025,"TWO THOUSAND TWENTY FIVE",IF(BL47=2026,"TWO THOUSAND TWENTY SIX",IF(BL47=2027,"TWO THOUSAND TWENTY SEVEN",IF(BL47=2028,"TWO THOUSAND TWENTY EIGHT",IF(BL47=2029,"TWO THOUSAND TWENTY NINE",IF(BL47=2030,"TWO THOUSAND THIRTY",IF(BL47=2031,"TWO THOUSAND THIRTY ONE",IF(BL47=2032,"TWO THOUSAND THIRTY TWO",IF(BL47=2033,"TWO THOUSAND THIRTY THREE",IF(BL47=2034,"TWO THOUSAND THIRTY FOUR",IF(BL47=2035,"TWO THOUSAND THIRTY FIVE",IF(BL47=2036,"TWO THOUSAND THIRTY SIX",IF(BL47=2037,"TWO THOUSAND THIRTY SEVEN",IF(BL47=2038,"TWO THOUSAND THIRTY EIGHT",IF(BL47=2039,"TWO THOUSAND THIRTY NINE",IF(BL47=2040,"TWO THOUSAND FORTY",IF(BL47=2041,"TWO THOUSAND FORTY ONE",IF(BL47=2042,"TWO THOUSAND FORTY TWO",IF(BL47=2043,"TWO THOUSAND FORTY THREE",IF(BL47=2044,"TWO THOUSAND FORTY FOUR",IF(BL47=2045,"TWO THOUSAND FORTY FIVE",IF(BL47=2046,"TWO THOUSAND FORTY SIX",IF(BL47=2047,"TWO THOUSAND FORTY SEVEN",IF(BL47=2048,"TWO THOUSAND FORTY EIGHT",IF(BL47=2049,"TWO THOUSAND FORTY NINE",IF(BL47=2050,"TWO THOUSAND FIFTY"))))))))))))))))))))))))))))))))))))))))))))))))))) -> FALSE | BN47: =BI47&" "&BK47&" "&BM47 -> #VALUE! | BO47: =IF(O47="SC","SC",IF(O47="ST","ST",IF(O47="OBC","OBC",IF(O47="PH","PH",IF(Q47="Muslim","MIN",IF(Q47="Sikh","MIN",IF(Q47="Christian","MIN",IF(Q47="Jain","MIN",IF(Q47="Parsi","MIN",IF(Q47="Hindu","GEN")))))))))) -> FALSE | BP47: =IF(P47="Female","F",IF(P47="Transgender","T",IF(P47="Male","M","")))
A48: 47 | B48: =B47 -> III-A | BB48: =G48 -> 0 | BC48: =LEFT(BB48,(3)) -> 0 | BD48: =MID(BB48,5,(2)) | BE48: =RIGHT(BB48,(4)) -> 0 | BF48: =MONTH(DATEVALUE(BC48&1)) -> #VALUE! | BG48: =DATE(BE48,BF48,BD48) -> #VALUE! | BH48: =VALUE(BD48) -> #VALUE! | BI48: =IF(BH48=1,"FIRST",IF(BH48=2,"SECOND",IF(BH48=3,"THIRD",IF(BH48=4,"FOURTH",IF(BH48=5,"FIFTH",IF(BH48=6,"SIXTH",IF(BH48=7,"SEVENTH",IF(BH48=8,"EIGHTH",IF(BH48=9,"NINTH",IF(BH48=10,"TENTH",IF(BH48=11,"ELEVENTH",IF(BH48=12,"TWELFTH",IF(BH48=13,"THIRTEENTH",IF(BH48=14,"FOURTEENTH",IF(BH48=15,"FIFTEENTH",IF(BH48=16,"SIXTEENTH",IF(BH48=17,"SEVENTEENTH",IF(BH48=18,"EIGHTEENTH",IF(BH48=19,"NINETEENTH",IF(BH48=20,"TWENTIETH",IF(BH48=21,"TWENTY FIRST",IF(BH48=22,"TWENTY SECOND",IF(BH48=23,"TWENTY THIRD",IF(BH48=24,"TWENTY FOURTH",IF(BH48=25,"TWENTY FIFTH",IF(BH48=26,"TWENTY SIXTH",IF(BH48=27,"TWENTY SEVENTH",IF(BH48=28,"TWENTY EIGHTH",IF(BH48=29,"TWENTY NINTH",IF(BH48=30,"THIRTIETH",IF(BH48=31,"THIRTY FIRST",""))))))))))))))))))))))))))))))) -> #VALUE! | BJ48: =BC48 -> 0 | BK48: =IF(BJ48="Jan","JANUARY",IF(BJ48="Feb","FEBRUARY",IF(BJ48="Mar","MARCH",IF(BJ48="Apr","APRIL",IF(BJ48="May","MAY",IF(BJ48="Jun","JUNE",IF(BJ48="Jul","JULY",IF(BJ48="Aug","AUGUST",IF(BJ48="Sep","SEPTEMBER",IF(BJ48="Oct","OCTOBER",IF(BJ48="Nov","NOVEMBER",IF(BJ48="Dec","DECEMBER")))))))))))) -> FALSE | BL48: =VALUE(BE48) -> 0 | BM48: =IF(BL48=2000,"TWO THOUSAND",IF(BL48=2001,"TWO THOUSAND ONE",IF(BL48=2002,"TWO THOUSAND TWO",IF(BL48=2003,"TWO THOUSAND THREE",IF(BL48=2004,"TWO THOUSAND FOUR",IF(BL48=2005,"TWO THOUSAND FIVE",IF(BL48=2006,"TWO THOUSAND SIX",IF(BL48=2007,"TWO THOUSAND SEVEN",IF(BL48=2008,"TWO THOUSAND EIGHT",IF(BL48=2009,"TWO THOUSAND NINE",IF(BL48=2010,"TWO THOUSAND TEN",IF(BL48=2011,"TWO THOUSAND ELEVEN",IF(BL48=2012,"TWO THOUSAND TWELVE",IF(BL48=2013,"TWO THOUSAND THIRTEEN",IF(BL48=2014,"TWO THOUSAND FOURTEEN",IF(BL48=2015,"TWO THOUSAND FIFTEEN",IF(BL48=2016,"TWO THOUSAND SIXTEEN",IF(BL48=2017,"TWO THOUSAND SEVENTEEN",IF(BL48=2018,"TWO THOUSAND EIGHTEEN",IF(BL48=2019,"TWO THOUSAND NINETEEN",IF(BL48=2020,"TWO THOUSAND TWENTY",IF(BL48=2021,"TWO THOUSAND TWENTY ONE",IF(BL48=2022,"TWO THOUSAND TWENTY TWO",IF(BL48=2023,"TWO THOUSAND TWENTY THREE",IF(BL48=2024,"TWO THOUSAND TWENTY FOUR",IF(BL48=2025,"TWO THOUSAND TWENTY FIVE",IF(BL48=2026,"TWO THOUSAND TWENTY SIX",IF(BL48=2027,"TWO THOUSAND TWENTY SEVEN",IF(BL48=2028,"TWO THOUSAND TWENTY EIGHT",IF(BL48=2029,"TWO THOUSAND TWENTY NINE",IF(BL48=2030,"TWO THOUSAND THIRTY",IF(BL48=2031,"TWO THOUSAND THIRTY ONE",IF(BL48=2032,"TWO THOUSAND THIRTY TWO",IF(BL48=2033,"TWO THOUSAND THIRTY THREE",IF(BL48=2034,"TWO THOUSAND THIRTY FOUR",IF(BL48=2035,"TWO THOUSAND THIRTY FIVE",IF(BL48=2036,"TWO THOUSAND THIRTY SIX",IF(BL48=2037,"TWO THOUSAND THIRTY SEVEN",IF(BL48=2038,"TWO THOUSAND THIRTY EIGHT",IF(BL48=2039,"TWO THOUSAND THIRTY NINE",IF(BL48=2040,"TWO THOUSAND FORTY",IF(BL48=2041,"TWO THOUSAND FORTY ONE",IF(BL48=2042,"TWO THOUSAND FORTY TWO",IF(BL48=2043,"TWO THOUSAND FORTY THREE",IF(BL48=2044,"TWO THOUSAND FORTY FOUR",IF(BL48=2045,"TWO THOUSAND FORTY FIVE",IF(BL48=2046,"TWO THOUSAND FORTY SIX",IF(BL48=2047,"TWO THOUSAND FORTY SEVEN",IF(BL48=2048,"TWO THOUSAND FORTY EIGHT",IF(BL48=2049,"TWO THOUSAND FORTY NINE",IF(BL48=2050,"TWO THOUSAND FIFTY"))))))))))))))))))))))))))))))))))))))))))))))))))) -> FALSE | BN48: =BI48&" "&BK48&" "&BM48 -> #VALUE! | BO48: =IF(O48="SC","SC",IF(O48="ST","ST",IF(O48="OBC","OBC",IF(O48="PH","PH",IF(Q48="Muslim","MIN",IF(Q48="Sikh","MIN",IF(Q48="Christian","MIN",IF(Q48="Jain","MIN",IF(Q48="Parsi","MIN",IF(Q48="Hindu","GEN")))))))))) -> FALSE | BP48: =IF(P48="Female","F",IF(P48="Transgender","T",IF(P48="Male","M","")))
A49: 48 | B49: =B48 -> III-A | BB49: =G49 -> 0 | BC49: =LEFT(BB49,(3)) -> 0 | BD49: =MID(BB49,5,(2)) | BE49: =RIGHT(BB49,(4)) -> 0 | BF49: =MONTH(DATEVALUE(BC49&1)) -> #VALUE! | BG49: =DATE(BE49,BF49,BD49) -> #VALUE! | BH49: =VALUE(BD49) -> #VALUE! | BI49: =IF(BH49=1,"FIRST",IF(BH49=2,"SECOND",IF(BH49=3,"THIRD",IF(BH49=4,"FOURTH",IF(BH49=5,"FIFTH",IF(BH49=6,"SIXTH",IF(BH49=7,"SEVENTH",IF(BH49=8,"EIGHTH",IF(BH49=9,"NINTH",IF(BH49=10,"TENTH",IF(BH49=11,"ELEVENTH",IF(BH49=12,"TWELFTH",IF(BH49=13,"THIRTEENTH",IF(BH49=14,"FOURTEENTH",IF(BH49=15,"FIFTEENTH",IF(BH49=16,"SIXTEENTH",IF(BH49=17,"SEVENTEENTH",IF(BH49=18,"EIGHTEENTH",IF(BH49=19,"NINETEENTH",IF(BH49=20,"TWENTIETH",IF(BH49=21,"TWENTY FIRST",IF(BH49=22,"TWENTY SECOND",IF(BH49=23,"TWENTY THIRD",IF(BH49=24,"TWENTY FOURTH",IF(BH49=25,"TWENTY FIFTH",IF(BH49=26,"TWENTY SIXTH",IF(BH49=27,"TWENTY SEVENTH",IF(BH49=28,"TWENTY EIGHTH",IF(BH49=29,"TWENTY NINTH",IF(BH49=30,"THIRTIETH",IF(BH49=31,"THIRTY FIRST",""))))))))))))))))))))))))))))))) -> #VALUE! | BJ49: =BC49 -> 0 | BK49: =IF(BJ49="Jan","JANUARY",IF(BJ49="Feb","FEBRUARY",IF(BJ49="Mar","MARCH",IF(BJ49="Apr","APRIL",IF(BJ49="May","MAY",IF(BJ49="Jun","JUNE",IF(BJ49="Jul","JULY",IF(BJ49="Aug","AUGUST",IF(BJ49="Sep","SEPTEMBER",IF(BJ49="Oct","OCTOBER",IF(BJ49="Nov","NOVEMBER",IF(BJ49="Dec","DECEMBER")))))))))))) -> FALSE | BL49: =VALUE(BE49) -> 0 | BM49: =IF(BL49=2000,"TWO THOUSAND",IF(BL49=2001,"TWO THOUSAND ONE",IF(BL49=2002,"TWO THOUSAND TWO",IF(BL49=2003,"TWO THOUSAND THREE",IF(BL49=2004,"TWO THOUSAND FOUR",IF(BL49=2005,"TWO THOUSAND FIVE",IF(BL49=2006,"TWO THOUSAND SIX",IF(BL49=2007,"TWO THOUSAND SEVEN",IF(BL49=2008,"TWO THOUSAND EIGHT",IF(BL49=2009,"TWO THOUSAND NINE",IF(BL49=2010,"TWO THOUSAND TEN",IF(BL49=2011,"TWO THOUSAND ELEVEN",IF(BL49=2012,"TWO THOUSAND TWELVE",IF(BL49=2013,"TWO THOUSAND THIRTEEN",IF(BL49=2014,"TWO THOUSAND FOURTEEN",IF(BL49=2015,"TWO THOUSAND FIFTEEN",IF(BL49=2016,"TWO THOUSAND SIXTEEN",IF(BL49=2017,"TWO THOUSAND SEVENTEEN",IF(BL49=2018,"TWO THOUSAND EIGHTEEN",IF(BL49=2019,"TWO THOUSAND NINETEEN",IF(BL49=2020,"TWO THOUSAND TWENTY",IF(BL49=2021,"TWO THOUSAND TWENTY ONE",IF(BL49=2022,"TWO THOUSAND TWENTY TWO",IF(BL49=2023,"TWO THOUSAND TWENTY THREE",IF(BL49=2024,"TWO THOUSAND TWENTY FOUR",IF(BL49=2025,"TWO THOUSAND TWENTY FIVE",IF(BL49=2026,"TWO THOUSAND TWENTY SIX",IF(BL49=2027,"TWO THOUSAND TWENTY SEVEN",IF(BL49=2028,"TWO THOUSAND TWENTY EIGHT",IF(BL49=2029,"TWO THOUSAND TWENTY NINE",IF(BL49=2030,"TWO THOUSAND THIRTY",IF(BL49=2031,"TWO THOUSAND THIRTY ONE",IF(BL49=2032,"TWO THOUSAND THIRTY TWO",IF(BL49=2033,"TWO THOUSAND THIRTY THREE",IF(BL49=2034,"TWO THOUSAND THIRTY FOUR",IF(BL49=2035,"TWO THOUSAND THIRTY FIVE",IF(BL49=2036,"TWO THOUSAND THIRTY SIX",IF(BL49=2037,"TWO THOUSAND THIRTY SEVEN",IF(BL49=2038,"TWO THOUSAND THIRTY EIGHT",IF(BL49=2039,"TWO THOUSAND THIRTY NINE",IF(BL49=2040,"TWO THOUSAND FORTY",IF(BL49=2041,"TWO THOUSAND FORTY ONE",IF(BL49=2042,"TWO THOUSAND FORTY TWO",IF(BL49=2043,"TWO THOUSAND FORTY THREE",IF(BL49=2044,"TWO THOUSAND FORTY FOUR",IF(BL49=2045,"TWO THOUSAND FORTY FIVE",IF(BL49=2046,"TWO THOUSAND FORTY SIX",IF(BL49=2047,"TWO THOUSAND FORTY SEVEN",IF(BL49=2048,"TWO THOUSAND FORTY EIGHT",IF(BL49=2049,"TWO THOUSAND FORTY NINE",IF(BL49=2050,"TWO THOUSAND FIFTY"))))))))))))))))))))))))))))))))))))))))))))))))))) -> FALSE | BN49: =BI49&" "&BK49&" "&BM49 -> #VALUE! | BO49: =IF(O49="SC","SC",IF(O49="ST","ST",IF(O49="OBC","OBC",IF(O49="PH","PH",IF(Q49="Muslim","MIN",IF(Q49="Sikh","MIN",IF(Q49="Christian","MIN",IF(Q49="Jain","MIN",IF(Q49="Parsi","MIN",IF(Q49="Hindu","GEN")))))))))) -> FALSE | BP49: =IF(P49="Female","F",IF(P49="Transgender","T",IF(P49="Male","M","")))
A50: 49 | B50: =B49 -> III-A | BB50: =G50 -> 0 | BC50: =LEFT(BB50,(3)) -> 0 | BD50: =MID(BB50,5,(2)) | BE50: =RIGHT(BB50,(4)) -> 0 | BF50: =MONTH(DATEVALUE(BC50&1)) -> #VALUE! | BG50: =DATE(BE50,BF50,BD50) -> #VALUE! | BH50: =VALUE(BD50) -> #VALUE! | BI50: =IF(BH50=1,"FIRST",IF(BH50=2,"SECOND",IF(BH50=3,"THIRD",IF(BH50=4,"FOURTH",IF(BH50=5,"FIFTH",IF(BH50=6,"SIXTH",IF(BH50=7,"SEVENTH",IF(BH50=8,"EIGHTH",IF(BH50=9,"NINTH",IF(BH50=10,"TENTH",IF(BH50=11,"ELEVENTH",IF(BH50=12,"TWELFTH",IF(BH50=13,"THIRTEENTH",IF(BH50=14,"FOURTEENTH",IF(BH50=15,"FIFTEENTH",IF(BH50=16,"SIXTEENTH",IF(BH50=17,"SEVENTEENTH",IF(BH50=18,"EIGHTEENTH",IF(BH50=19,"NINETEENTH",IF(BH50=20,"TWENTIETH",IF(BH50=21,"TWENTY FIRST",IF(BH50=22,"TWENTY SECOND",IF(BH50=23,"TWENTY THIRD",IF(BH50=24,"TWENTY FOURTH",IF(BH50=25,"TWENTY FIFTH",IF(BH50=26,"TWENTY SIXTH",IF(BH50=27,"TWENTY SEVENTH",IF(BH50=28,"TWENTY EIGHTH",IF(BH50=29,"TWENTY NINTH",IF(BH50=30,"THIRTIETH",IF(BH50=31,"THIRTY FIRST",""))))))))))))))))))))))))))))))) -> #VALUE! | BJ50: =BC50 -> 0 | BK50: =IF(BJ50="Jan","JANUARY",IF(BJ50="Feb","FEBRUARY",IF(BJ50="Mar","MARCH",IF(BJ50="Apr","APRIL",IF(BJ50="May","MAY",IF(BJ50="Jun","JUNE",IF(BJ50="Jul","JULY",IF(BJ50="Aug","AUGUST",IF(BJ50="Sep","SEPTEMBER",IF(BJ50="Oct","OCTOBER",IF(BJ50="Nov","NOVEMBER",IF(BJ50="Dec","DECEMBER")))))))))))) -> FALSE | BL50: =VALUE(BE50) -> 0 | BM50: =IF(BL50=2000,"TWO THOUSAND",IF(BL50=2001,"TWO THOUSAND ONE",IF(BL50=2002,"TWO THOUSAND TWO",IF(BL50=2003,"TWO THOUSAND THREE",IF(BL50=2004,"TWO THOUSAND FOUR",IF(BL50=2005,"TWO THOUSAND FIVE",IF(BL50=2006,"TWO THOUSAND SIX",IF(BL50=2007,"TWO THOUSAND SEVEN",IF(BL50=2008,"TWO THOUSAND EIGHT",IF(BL50=2009,"TWO THOUSAND NINE",IF(BL50=2010,"TWO THOUSAND TEN",IF(BL50=2011,"TWO THOUSAND ELEVEN",IF(BL50=2012,"TWO THOUSAND TWELVE",IF(BL50=2013,"TWO THOUSAND THIRTEEN",IF(BL50=2014,"TWO THOUSAND FOURTEEN",IF(BL50=2015,"TWO THOUSAND FIFTEEN",IF(BL50=2016,"TWO THOUSAND SIXTEEN",IF(BL50=2017,"TWO THOUSAND SEVENTEEN",IF(BL50=2018,"TWO THOUSAND EIGHTEEN",IF(BL50=2019,"TWO THOUSAND NINETEEN",IF(BL50=2020,"TWO THOUSAND TWENTY",IF(BL50=2021,"TWO THOUSAND TWENTY ONE",IF(BL50=2022,"TWO THOUSAND TWENTY TWO",IF(BL50=2023,"TWO THOUSAND TWENTY THREE",IF(BL50=2024,"TWO THOUSAND TWENTY FOUR",IF(BL50=2025,"TWO THOUSAND TWENTY FIVE",IF(BL50=2026,"TWO THOUSAND TWENTY SIX",IF(BL50=2027,"TWO THOUSAND TWENTY SEVEN",IF(BL50=2028,"TWO THOUSAND TWENTY EIGHT",IF(BL50=2029,"TWO THOUSAND TWENTY NINE",IF(BL50=2030,"TWO THOUSAND THIRTY",IF(BL50=2031,"TWO THOUSAND THIRTY ONE",IF(BL50=2032,"TWO THOUSAND THIRTY TWO",IF(BL50=2033,"TWO THOUSAND THIRTY THREE",IF(BL50=2034,"TWO THOUSAND THIRTY FOUR",IF(BL50=2035,"TWO THOUSAND THIRTY FIVE",IF(BL50=2036,"TWO THOUSAND THIRTY SIX",IF(BL50=2037,"TWO THOUSAND THIRTY SEVEN",IF(BL50=2038,"TWO THOUSAND THIRTY EIGHT",IF(BL50=2039,"TWO THOUSAND THIRTY NINE",IF(BL50=2040,"TWO THOUSAND FORTY",IF(BL50=2041,"TWO THOUSAND FORTY ONE",IF(BL50=2042,"TWO THOUSAND FORTY TWO",IF(BL50=2043,"TWO THOUSAND FORTY THREE",IF(BL50=2044,"TWO THOUSAND FORTY FOUR",IF(BL50=2045,"TWO THOUSAND FORTY FIVE",IF(BL50=2046,"TWO THOUSAND FORTY SIX",IF(BL50=2047,"TWO THOUSAND FORTY SEVEN",IF(BL50=2048,"TWO THOUSAND FORTY EIGHT",IF(BL50=2049,"TWO THOUSAND FORTY NINE",IF(BL50=2050,"TWO THOUSAND FIFTY"))))))))))))))))))))))))))))))))))))))))))))))))))) -> FALSE | BN50: =BI50&" "&BK50&" "&BM50 -> #VALUE! | BO50: =IF(O50="SC","SC",IF(O50="ST","ST",IF(O50="OBC","OBC",IF(O50="PH","PH",IF(Q50="Muslim","MIN",IF(Q50="Sikh","MIN",IF(Q50="Christian","MIN",IF(Q50="Jain","MIN",IF(Q50="Parsi","MIN",IF(Q50="Hindu","GEN")))))))))) -> FALSE | BP50: =IF(P50="Female","F",IF(P50="Transgender","T",IF(P50="Male","M","")))
A51: 50 | B51: =B50 -> III-A | BB51: =G51 -> 0 | BC51: =LEFT(BB51,(3)) -> 0 | BD51: =MID(BB51,5,(2)) | BE51: =RIGHT(BB51,(4)) -> 0 | BF51: =MONTH(DATEVALUE(BC51&1)) -> #VALUE! | BG51: =DATE(BE51,BF51,BD51) -> #VALUE! | BH51: =VALUE(BD51) -> #VALUE! | BI51: =IF(BH51=1,"FIRST",IF(BH51=2,"SECOND",IF(BH51=3,"THIRD",IF(BH51=4,"FOURTH",IF(BH51=5,"FIFTH",IF(BH51=6,"SIXTH",IF(BH51=7,"SEVENTH",IF(BH51=8,"EIGHTH",IF(BH51=9,"NINTH",IF(BH51=10,"TENTH",IF(BH51=11,"ELEVENTH",IF(BH51=12,"TWELFTH",IF(BH51=13,"THIRTEENTH",IF(BH51=14,"FOURTEENTH",IF(BH51=15,"FIFTEENTH",IF(BH51=16,"SIXTEENTH",IF(BH51=17,"SEVENTEENTH",IF(BH51=18,"EIGHTEENTH",IF(BH51=19,"NINETEENTH",IF(BH51=20,"TWENTIETH",IF(BH51=21,"TWENTY FIRST",IF(BH51=22,"TWENTY SECOND",IF(BH51=23,"TWENTY THIRD",IF(BH51=24,"TWENTY FOURTH",IF(BH51=25,"TWENTY FIFTH",IF(BH51=26,"TWENTY SIXTH",IF(BH51=27,"TWENTY SEVENTH",IF(BH51=28,"TWENTY EIGHTH",IF(BH51=29,"TWENTY NINTH",IF(BH51=30,"THIRTIETH",IF(BH51=31,"THIRTY FIRST",""))))))))))))))))))))))))))))))) -> #VALUE! | BJ51: =BC51 -> 0 | BK51: =IF(BJ51="Jan","JANUARY",IF(BJ51="Feb","FEBRUARY",IF(BJ51="Mar","MARCH",IF(BJ51="Apr","APRIL",IF(BJ51="May","MAY",IF(BJ51="Jun","JUNE",IF(BJ51="Jul","JULY",IF(BJ51="Aug","AUGUST",IF(BJ51="Sep","SEPTEMBER",IF(BJ51="Oct","OCTOBER",IF(BJ51="Nov","NOVEMBER",IF(BJ51="Dec","DECEMBER")))))))))))) -> FALSE | BL51: =VALUE(BE51) -> 0 | BM51: =IF(BL51=2000,"TWO THOUSAND",IF(BL51=2001,"TWO THOUSAND ONE",IF(BL51=2002,"TWO THOUSAND TWO",IF(BL51=2003,"TWO THOUSAND THREE",IF(BL51=2004,"TWO THOUSAND FOUR",IF(BL51=2005,"TWO THOUSAND FIVE",IF(BL51=2006,"TWO THOUSAND SIX",IF(BL51=2007,"TWO THOUSAND SEVEN",IF(BL51=2008,"TWO THOUSAND EIGHT",IF(BL51=2009,"TWO THOUSAND NINE",IF(BL51=2010,"TWO THOUSAND TEN",IF(BL51=2011,"TWO THOUSAND ELEVEN",IF(BL51=2012,"TWO THOUSAND TWELVE",IF(BL51=2013,"TWO THOUSAND THIRTEEN",IF(BL51=2014,"TWO THOUSAND FOURTEEN",IF(BL51=2015,"TWO THOUSAND FIFTEEN",IF(BL51=2016,"TWO THOUSAND SIXTEEN",IF(BL51=2017,"TWO THOUSAND SEVENTEEN",IF(BL51=2018,"TWO THOUSAND EIGHTEEN",IF(BL51=2019,"TWO THOUSAND NINETEEN",IF(BL51=2020,"TWO THOUSAND TWENTY",IF(BL51=2021,"TWO THOUSAND TWENTY ONE",IF(BL51=2022,"TWO THOUSAND TWENTY TWO",IF(BL51=2023,"TWO THOUSAND TWENTY THREE",IF(BL51=2024,"TWO THOUSAND TWENTY FOUR",IF(BL51=2025,"TWO THOUSAND TWENTY FIVE",IF(BL51=2026,"TWO THOUSAND TWENTY SIX",IF(BL51=2027,"TWO THOUSAND TWENTY SEVEN",IF(BL51=2028,"TWO THOUSAND TWENTY EIGHT",IF(BL51=2029,"TWO THOUSAND TWENTY NINE",IF(BL51=2030,"TWO THOUSAND THIRTY",IF(BL51=2031,"TWO THOUSAND THIRTY ONE",IF(BL51=2032,"TWO THOUSAND THIRTY TWO",IF(BL51=2033,"TWO THOUSAND THIRTY THREE",IF(BL51=2034,"TWO THOUSAND THIRTY FOUR",IF(BL51=2035,"TWO THOUSAND THIRTY FIVE",IF(BL51=2036,"TWO THOUSAND THIRTY SIX",IF(BL51=2037,"TWO THOUSAND THIRTY SEVEN",IF(BL51=2038,"TWO THOUSAND THIRTY EIGHT",IF(BL51=2039,"TWO THOUSAND THIRTY NINE",IF(BL51=2040,"TWO THOUSAND FORTY",IF(BL51=2041,"TWO THOUSAND FORTY ONE",IF(BL51=2042,"TWO THOUSAND FORTY TWO",IF(BL51=2043,"TWO THOUSAND FORTY THREE",IF(BL51=2044,"TWO THOUSAND FORTY FOUR",IF(BL51=2045,"TWO THOUSAND FORTY FIVE",IF(BL51=2046,"TWO THOUSAND FORTY SIX",IF(BL51=2047,"TWO THOUSAND FORTY SEVEN",IF(BL51=2048,"TWO THOUSAND FORTY EIGHT",IF(BL51=2049,"TWO THOUSAND FORTY NINE",IF(BL51=2050,"TWO THOUSAND FIFTY"))))))))))))))))))))))))))))))))))))))))))))))))))) -> FALSE | BN51: =BI51&" "&BK51&" "&BM51 -> #VALUE! | BO51: =IF(O51="SC","SC",IF(O51="ST","ST",IF(O51="OBC","OBC",IF(O51="PH","PH",IF(Q51="Muslim","MIN",IF(Q51="Sikh","MIN",IF(Q51="Christian","MIN",IF(Q51="Jain","MIN",IF(Q51="Parsi","MIN",IF(Q51="Hindu","GEN")))))))))) -> FALSE | BP51: =IF(P51="Female","F",IF(P51="Transgender","T",IF(P51="Male","M","")))
A52: 51 | B52: =B51 -> III-A | BB52: =G52 -> 0 | BC52: =LEFT(BB52,(3)) -> 0 | BD52: =MID(BB52,5,(2)) | BE52: =RIGHT(BB52,(4)) -> 0 | BF52: =MONTH(DATEVALUE(BC52&1)) -> #VALUE! | BG52: =DATE(BE52,BF52,BD52) -> #VALUE! | BH52: =VALUE(BD52) -> #VALUE! | BI52: =IF(BH52=1,"FIRST",IF(BH52=2,"SECOND",IF(BH52=3,"THIRD",IF(BH52=4,"FOURTH",IF(BH52=5,"FIFTH",IF(BH52=6,"SIXTH",IF(BH52=7,"SEVENTH",IF(BH52=8,"EIGHTH",IF(BH52=9,"NINTH",IF(BH52=10,"TENTH",IF(BH52=11,"ELEVENTH",IF(BH52=12,"TWELFTH",IF(BH52=13,"THIRTEENTH",IF(BH52=14,"FOURTEENTH",IF(BH52=15,"FIFTEENTH",IF(BH52=16,"SIXTEENTH",IF(BH52=17,"SEVENTEENTH",IF(BH52=18,"EIGHTEENTH",IF(BH52=19,"NINETEENTH",IF(BH52=20,"TWENTIETH",IF(BH52=21,"TWENTY FIRST",IF(BH52=22,"TWENTY SECOND",IF(BH52=23,"TWENTY THIRD",IF(BH52=24,"TWENTY FOURTH",IF(BH52=25,"TWENTY FIFTH",IF(BH52=26,"TWENTY SIXTH",IF(BH52=27,"TWENTY SEVENTH",IF(BH52=28,"TWENTY EIGHTH",IF(BH52=29,"TWENTY NINTH",IF(BH52=30,"THIRTIETH",IF(BH52=31,"THIRTY FIRST",""))))))))))))))))))))))))))))))) -> #VALUE! | BJ52: =BC52 -> 0 | BK52: =IF(BJ52="Jan","JANUARY",IF(BJ52="Feb","FEBRUARY",IF(BJ52="Mar","MARCH",IF(BJ52="Apr","APRIL",IF(BJ52="May","MAY",IF(BJ52="Jun","JUNE",IF(BJ52="Jul","JULY",IF(BJ52="Aug","AUGUST",IF(BJ52="Sep","SEPTEMBER",IF(BJ52="Oct","OCTOBER",IF(BJ52="Nov","NOVEMBER",IF(BJ52="Dec","DECEMBER")))))))))))) -> FALSE | BL52: =VALUE(BE52) -> 0 | BM52: =IF(BL52=2000,"TWO THOUSAND",IF(BL52=2001,"TWO THOUSAND ONE",IF(BL52=2002,"TWO THOUSAND TWO",IF(BL52=2003,"TWO THOUSAND THREE",IF(BL52=2004,"TWO THOUSAND FOUR",IF(BL52=2005,"TWO THOUSAND FIVE",IF(BL52=2006,"TWO THOUSAND SIX",IF(BL52=2007,"TWO THOUSAND SEVEN",IF(BL52=2008,"TWO THOUSAND EIGHT",IF(BL52=2009,"TWO THOUSAND NINE",IF(BL52=2010,"TWO THOUSAND TEN",IF(BL52=2011,"TWO THOUSAND ELEVEN",IF(BL52=2012,"TWO THOUSAND TWELVE",IF(BL52=2013,"TWO THOUSAND THIRTEEN",IF(BL52=2014,"TWO THOUSAND FOURTEEN",IF(BL52=2015,"TWO THOUSAND FIFTEEN",IF(BL52=2016,"TWO THOUSAND SIXTEEN",IF(BL52=2017,"TWO THOUSAND SEVENTEEN",IF(BL52=2018,"TWO THOUSAND EIGHTEEN",IF(BL52=2019,"TWO THOUSAND NINETEEN",IF(BL52=2020,"TWO THOUSAND TWENTY",IF(BL52=2021,"TWO THOUSAND TWENTY ONE",IF(BL52=2022,"TWO THOUSAND TWENTY TWO",IF(BL52=2023,"TWO THOUSAND TWENTY THREE",IF(BL52=2024,"TWO THOUSAND TWENTY FOUR",IF(BL52=2025,"TWO THOUSAND TWENTY FIVE",IF(BL52=2026,"TWO THOUSAND TWENTY SIX",IF(BL52=2027,"TWO THOUSAND TWENTY SEVEN",IF(BL52=2028,"TWO THOUSAND TWENTY EIGHT",IF(BL52=2029,"TWO THOUSAND TWENTY NINE",IF(BL52=2030,"TWO THOUSAND THIRTY",IF(BL52=2031,"TWO THOUSAND THIRTY ONE",IF(BL52=2032,"TWO THOUSAND THIRTY TWO",IF(BL52=2033,"TWO THOUSAND THIRTY THREE",IF(BL52=2034,"TWO THOUSAND THIRTY FOUR",IF(BL52=2035,"TWO THOUSAND THIRTY FIVE",IF(BL52=2036,"TWO THOUSAND THIRTY SIX",IF(BL52=2037,"TWO THOUSAND THIRTY SEVEN",IF(BL52=2038,"TWO THOUSAND THIRTY EIGHT",IF(BL52=2039,"TWO THOUSAND THIRTY NINE",IF(BL52=2040,"TWO THOUSAND FORTY",IF(BL52=2041,"TWO THOUSAND FORTY ONE",IF(BL52=2042,"TWO THOUSAND FORTY TWO",IF(BL52=2043,"TWO THOUSAND FORTY THREE",IF(BL52=2044,"TWO THOUSAND FORTY FOUR",IF(BL52=2045,"TWO THOUSAND FORTY FIVE",IF(BL52=2046,"TWO THOUSAND FORTY SIX",IF(BL52=2047,"TWO THOUSAND FORTY SEVEN",IF(BL52=2048,"TWO THOUSAND FORTY EIGHT",IF(BL52=2049,"TWO THOUSAND FORTY NINE",IF(BL52=2050,"TWO THOUSAND FIFTY"))))))))))))))))))))))))))))))))))))))))))))))))))) -> FALSE | BN52: =BI52&" "&BK52&" "&BM52 -> #VALUE! | BO52: =IF(O52="SC","SC",IF(O52="ST","ST",IF(O52="OBC","OBC",IF(O52="PH","PH",IF(Q52="Muslim","MIN",IF(Q52="Sikh","MIN",IF(Q52="Christian","MIN",IF(Q52="Jain","MIN",IF(Q52="Parsi","MIN",IF(Q52="Hindu","GEN")))))))))) -> FALSE | BP52: =IF(P52="Female","F",IF(P52="Transgender","T",IF(P52="Male","M","")))
... A101: 100 | B101: =B100 -> III-A | BB101: =G101 -> 0 | BC101: =LEFT(BB101,(3)) -> 0 | BD101: =MID(BB101,5,(2)) | BE101: =RIGHT(BB101,(4)) -> 0 | BF101: =MONTH(DATEVALUE(BC101&1)) -> #VALUE! | BG101: =DATE(BE101,BF101,BD101) -> #VALUE! | BH101: =VALUE(BD101) -> #VALUE! | BI101: =IF(BH101=1,"FIRST",IF(BH101=2,"SECOND",IF(BH101=3,"THIRD",IF(BH101=4,"FOURTH",IF(BH101=5,"FIFTH",IF(BH101=6,"SIXTH",IF(BH101=7,"SEVENTH",IF(BH101=8,"EIGHTH",IF(BH101=9,"NINTH",IF(BH101=10,"TENTH",IF(BH101=11,"ELEVENTH",IF(BH101=12,"TWELFTH",IF(BH101=13,"THIRTEENTH",IF(BH101=14,"FOURTEENTH",IF(BH101=15,"FIFTEENTH",IF(BH101=16,"SIXTEENTH",IF(BH101=17,"SEVENTEENTH",IF(BH101=18,"EIGHTEENTH",IF(BH101=19,"NINETEENTH",IF(BH101=20,"TWENTIETH",IF(BH101=21,"TWENTY FIRST",IF(BH101=22,"TWENTY SECOND",IF(BH101=23,"TWENTY THIRD",IF(BH101=24,"TWENTY FOURTH",IF(BH101=25,"TWENTY FIFTH",IF(BH101=26,"TWENTY SIXTH",IF(BH101=27,"TWENTY SEVENTH",IF(BH101=28,"TWENTY EIGHTH",IF(BH101=29,"TWENTY NINTH",IF(BH101=30,"THIRTIETH",IF(BH101=31,"THIRTY FIRST",""))))))))))))))))))))))))))))))) -> #VALUE! | BJ101: =BC101 -> 0 | BK101: =IF(BJ101="Jan","JANUARY",IF(BJ101="Feb","FEBRUARY",IF(BJ101="Mar","MARCH",IF(BJ101="Apr","APRIL",IF(BJ101="May","MAY",IF(BJ101="Jun","JUNE",IF(BJ101="Jul","JULY",IF(BJ101="Aug","AUGUST",IF(BJ101="Sep","SEPTEMBER",IF(BJ101="Oct","OCTOBER",IF(BJ101="Nov","NOVEMBER",IF(BJ101="Dec","DECEMBER")))))))))))) -> FALSE | BL101: =VALUE(BE101) -> 0 | BM101: =IF(BL101=2000,"TWO THOUSAND",IF(BL101=2001,"TWO THOUSAND ONE",IF(BL101=2002,"TWO THOUSAND TWO",IF(BL101=2003,"TWO THOUSAND THREE",IF(BL101=2004,"TWO THOUSAND FOUR",IF(BL101=2005,"TWO THOUSAND FIVE",IF(BL101=2006,"TWO THOUSAND SIX",IF(BL101=2007,"TWO THOUSAND SEVEN",IF(BL101=2008,"TWO THOUSAND EIGHT",IF(BL101=2009,"TWO THOUSAND NINE",IF(BL101=2010,"TWO THOUSAND TEN",IF(BL101=2011,"TWO THOUSAND ELEVEN",IF(BL101=2012,"TWO THOUSAND TWELVE",IF(BL101=2013,"TWO THOUSAND THIRTEEN",IF(BL101=2014,"TWO THOUSAND FOURTEEN",IF(BL101=2015,"TWO THOUSAND FIFTEEN",IF(BL101=2016,"TWO THOUSAND SIXTEEN",IF(BL101=2017,"TWO THOUSAND SEVENTEEN",IF(BL101=2018,"TWO THOUSAND EIGHTEEN",IF(BL101=2019,"TWO THOUSAND NINETEEN",IF(BL101=2020,"TWO THOUSAND TWENTY",IF(BL101=2021,"TWO THOUSAND TWENTY ONE",IF(BL101=2022,"TWO THOUSAND TWENTY TWO",IF(BL101=2023,"TWO THOUSAND TWENTY THREE",IF(BL101=2024,"TWO THOUSAND TWENTY FOUR",IF(BL101=2025,"TWO THOUSAND TWENTY FIVE",IF(BL101=2026,"TWO THOUSAND TWENTY SIX",IF(BL101=2027,"TWO THOUSAND TWENTY SEVEN",IF(BL101=2028,"TWO THOUSAND TWENTY EIGHT",IF(BL101=2029,"TWO THOUSAND TWENTY NINE",IF(BL101=2030,"TWO THOUSAND THIRTY",IF(BL101=2031,"TWO THOUSAND THIRTY ONE",IF(BL101=2032,"TWO THOUSAND THIRTY TWO",IF(BL101=2033,"TWO THOUSAND THIRTY THREE",IF(BL101=2034,"TWO THOUSAND THIRTY FOUR",IF(BL101=2035,"TWO THOUSAND THIRTY FIVE",IF(BL101=2036,"TWO THOUSAND THIRTY SIX",IF(BL101=2037,"TWO THOUSAND THIRTY SEVEN",IF(BL101=2038,"TWO THOUSAND THIRTY EIGHT",IF(BL101=2039,"TWO THOUSAND THIRTY NINE",IF(BL101=2040,"TWO THOUSAND FORTY",IF(BL101=2041,"TWO THOUSAND FORTY ONE",IF(BL101=2042,"TWO THOUSAND FORTY TWO",IF(BL101=2043,"TWO THOUSAND FORTY THREE",IF(BL101=2044,"TWO THOUSAND FORTY FOUR",IF(BL101=2045,"TWO THOUSAND FORTY FIVE",IF(BL101=2046,"TWO THOUSAND FORTY SIX",IF(BL101=2047,"TWO THOUSAND FORTY SEVEN",IF(BL101=2048,"TWO THOUSAND FORTY EIGHT",IF(BL101=2049,"TWO THOUSAND FORTY NINE",IF(BL101=2050,"TWO THOUSAND FIFTY"))))))))))))))))))))))))))))))))))))))))))))))))))) -> FALSE | BN101: =BI101&" "&BK101&" "&BM101 -> #VALUE! | BO101: =IF(O101="SC","SC",IF(O101="ST","ST",IF(O101="OBC","OBC",IF(O101="PH","PH",IF(Q101="Muslim","MIN",IF(Q101="Sikh","MIN",IF(Q101="Christian","MIN",IF(Q101="Jain","MIN",IF(Q101="Parsi","MIN",IF(Q101="Hindu","GEN")))))))))) -> FALSE | BP101: =IF(P101="Female","F",IF(P101="Transgender","T",IF(P101="Male","M","")))

Sheet PHOTO
A2: S. No. | B2: Admission Number | C2: Student Id | D2: Student Name | E2: Father Name | F2: Student Photo | H2: 1
A4: 1 | B4: =STUDENT!F2 -> 14779 | C4: =STUDENT!D2 -> 20220171896 | D4: =STUDENT!E2 -> NAKSH | E4: =STUDENT!H2 -> NARESH
A5: 2 | B5: =STUDENT!F3 -> 14733 | C5: =STUDENT!D3 -> 20220354217 | D5: =STUDENT!E3 -> NAVEEN | E5: =STUDENT!H3 -> SANJAY
A6: 3 | B6: =STUDENT!F4 -> 14757 | C6: =STUDENT!D4 -> 20220402586 | D6: =STUDENT!E4 -> AADITYA KUMAR | E6: =STUDENT!H4 -> DHARMENDRA KUMAR
A7: 4 | B7: =STUDENT!F5 -> 14778 | C7: =STUDENT!D5 -> 20220448164 | D7: =STUDENT!E5 -> PRINCE KUMAR RAY | E7: =STUDENT!H5 -> RAMSHARAN RAY
A8: 5 | B8: =STUDENT!F6 -> 14785 | C8: =STUDENT!D6 -> 20220482313 | D8: =STUDENT!E6 -> KIRSHNA | E8: =STUDENT!H6 -> VISHNU KASHYAP
A9: 6 | B9: =STUDENT!F7 -> 14780 | C9: =STUDENT!D7 -> 20230048303 | D9: =STUDENT!E7 -> MD SOPHIYAN ALAM | E9: =STUDENT!H7 -> MD TABREJ ALAM
A10: 7 | B10: =STUDENT!F8 -> 14773 | C10: =STUDENT!D8 -> 20230083520 | D10: =STUDENT!E8 -> MD SAUBAN | E10: =STUDENT!H8 -> MD IRSHAD
A11: 8 | B11: =STUDENT!F9 -> 14769 | C11: =STUDENT!D9 -> 20230095636 | D11: =STUDENT!E9 -> DEEPANSHU | E11: =STUDENT!H9 -> AKHILESH KUMAR
A12: 9 | B12: =STUDENT!F10 -> 14754 | C12: =STUDENT!D10 -> 20230130143 | D12: =STUDENT!E10 -> ANUJ | E12: =STUDENT!H10 -> RANJEET DAS
A13: 10 | B13: =STUDENT!F11 -> 14774 | C13: =STUDENT!D11 -> 20230268614 | D13: =STUDENT!E11 -> PIYUSH KUMAR | E13: =STUDENT!H11 -> MUNNA LAL
A14: 11 | B14: =STUDENT!F12 -> 14775 | C14: =STUDENT!D12 -> 20230349168 | D14: =STUDENT!E12 -> MD MAHTAB | E14: =STUDENT!H12 -> MD ASRAF
A15: 12 | B15: =STUDENT!F13 -> 14734 | C15: =STUDENT!D13 -> 20240008153 | D15: =STUDENT!E13 -> PRADEEP | E15: =STUDENT!H13 -> RAM BHAWAN
... A103: 100 | B103: =STUDENT!F101 -> 0 | C103: =STUDENT!D101 -> 0 | D103: =STUDENT!E101 -> 0 | E103: =STUDENT!H101 -> 0

Sheet FLN
F1: Name Wise Level | I1: Number Wise Level | M1: 1 | Q1: =M1+1 -> 2 | U1: =Q1+1 -> 3 | Y1: =U1+1 -> 4 | AC1: =Y1+1 -> 5 | AG1: =AC1+1 -> 6 | AK1: =AG1+1 -> 7 | AO1: =AK1+1 -> 8 | AS1: =AO1+1 -> 9 | AW1: =AS1+1 -> 10 | BA1: =AW1+1 -> 11 | BE1: =BA1+1 -> 12 | BI1: =BE1+1 -> 13 | BM1: =BI1+1 -> 14 | BQ1: =BM1+1 -> 15 | BU1: =BQ1+1 -> 16 | BY1: =BU1+1 -> 17 | CC1: =BY1+1 -> 18 | CG1: =CC1+1 -> 19 | CK1: =CG1+1 -> 20 | CO1: =CK1+1 -> 21 | CS1: =CO1+1 -> 22 | CW1: =CS1+1 -> 23 | DA1: =CW1+1 -> 24 | DE1: =DA1+1 -> 25
A2: S. No. | B2: Admission Number | C2: Student Id | D2: Student Name | E2: Father Name | F2: Hindi Level | G2: Maths Level | H2: English Level | I2: Hindi Level | J2: English Level | K2: Maths Level | L2: Hindi Level | M2: English Level | N2: Maths Level | O2: FLN Remarks | P2: Hindi Level | Q2: English Level | R2: Maths Level | S2: FLN Remarks | T2: Hindi Level | U2: English Level | V2: Maths Level | W2: FLN Remarks | X2: Hindi Level | Y2: English Level | Z2: Maths Level | AA2: FLN Remarks | AB2: Hindi Level | AC2: English Level | AD2: Maths Level | AE2: FLN Remarks | AF2: Hindi Level | AG2: English Level | AH2: Maths Level | AI2: FLN Remarks | AJ2: Hindi Level | AK2: English Level | AL2: Maths Level | AM2: FLN Remarks | AN2: Hindi Level | AO2: English Level | AP2: Maths Level | AQ2: FLN Remarks | AR2: Hindi Level | AS2: English Level | AT2: Maths Level | AU2: FLN Remarks | AV2: Hindi Level | AW2: English Level | AX2: Maths Level | AY2: FLN Remarks | AZ2: Hindi Level | BA2: English Level | BB2: Maths Level | BC2: FLN Remarks | BD2: Hindi Level | BE2: English Level | BF2: Maths Level | BG2: FLN Remarks | BH2: Hindi Level | BI2: English Level | BJ2: Maths Level | BK2: FLN Remarks | BL2: Hindi Level | BM2: English Level | BN2: Maths Level | BO2: FLN Remarks | BP2: Hindi Level | BQ2: English Level | BR2: Maths Level | BS2: FLN Remarks | BT2: Hindi Level | BU2: English Level | BV2: Maths Level | BW2: FLN Remarks | BX2: Hindi Level | BY2: English Level | BZ2: Maths Level | CA2: FLN Remarks | CB2: Hindi Level | CC2: English Level | CD2: Maths Level | CE2: FLN Remarks | CF2: Hindi Level | CG2: English Level | CH2: Maths Level | CI2: FLN Remarks | CJ2: Hindi Level | CK2: English Level | CL2: Maths Level | CM2: FLN Remarks | CN2: Hindi Level | CO2: English Level | CP2: Maths Level | CQ2: FLN Remarks | CR2: Hindi Level | CS2: English Level | CT2: Maths Level | CU2: FLN Remarks | CV2: Hindi Level | CW2: English Level | CX2: Maths Level | CY2: FLN Remarks | CZ2: Hindi Level | DA2: English Level | DB2: Maths Level | DC2: FLN Remarks | DD2: Hindi Level | DE2: English Level | DF2: Maths Level | DG2: FLN Remarks
L3: =VLOOKUP(M1,DATEWISE!$A$3:$BY$27,2,0) -> 30.04.2026 | P3: =VLOOKUP(Q1,DATEWISE!$A$3:$BY$27,2,0) -> 08.05.2026 | T3: =VLOOKUP(U1,DATEWISE!$A$3:$BY$27,2,0) -> 15.07.2026 | X3: =VLOOKUP(Y1,DATEWISE!$A$3:$BY$27,2,0) -> 31.07.2026 | AB3: =VLOOKUP(AC1,DATEWISE!$A$3:$BY$27,2,0) -> 17.08.2026 | AF3: =VLOOKUP(AG1,DATEWISE!$A$3:$BY$27,2,0) -> 31.08.2026 | AJ3: =VLOOKUP(AK1,DATEWISE!$A$3:$BY$27,2,0) -> 0 | AN3: =VLOOKUP(AO1,DATEWISE!$A$3:$BY$27,2,0) -> 0 | AR3: =VLOOKUP(AS1,DATEWISE!$A$3:$BY$27,2,0) -> 0 | AV3: =VLOOKUP(AW1,DATEWISE!$A$3:$BY$27,2,0) -> 0 | AZ3: =VLOOKUP(BA1,DATEWISE!$A$3:$BY$27,2,0) -> 0 | BD3: =VLOOKUP(BE1,DATEWISE!$A$3:$BY$27,2,0) -> 0 | BH3: =VLOOKUP(BI1,DATEWISE!$A$3:$BY$27,2,0) -> 0 | BL3: =VLOOKUP(BM1,DATEWISE!$A$3:$BY$27,2,0) -> 0 | BP3: =VLOOKUP(BQ1,DATEWISE!$A$3:$BY$27,2,0) -> 0 | BT3: =VLOOKUP(BU1,DATEWISE!$A$3:$BY$27,2,0) -> 0 | BX3: =VLOOKUP(BY1,DATEWISE!$A$3:$BY$27,2,0) -> 0 | CB3: =VLOOKUP(CC1,DATEWISE!$A$3:$BY$27,2,0) -> 0 | CF3: =VLOOKUP(CG1,DATEWISE!$A$3:$BY$27,2,0) -> 0 | CJ3: =VLOOKUP(CK1,DATEWISE!$A$3:$BY$27,2,0) -> 0 | CN3: =VLOOKUP(CO1,DATEWISE!$A$3:$BY$27,2,0) -> 0 | CR3: =VLOOKUP(CS1,DATEWISE!$A$3:$BY$27,2,0) -> 0 | CV3: =VLOOKUP(CW1,DATEWISE!$A$3:$BY$27,2,0) -> 0 | CZ3: =VLOOKUP(DA1,DATEWISE!$A$3:$BY$27,2,0) -> 0 | DD3: =VLOOKUP(DE1,DATEWISE!$A$3:$BY$27,2,0) -> 0
A4: 1 | B4: =STUDENT!F2 -> 14779 | C4: =STUDENT!D2 -> 20220171896 | D4: =STUDENT!E2 -> NAKSH | E4: =STUDENT!H2 -> NARESH | F4: Alphabets | G4: Number Recognition (10-99) | H4: Character | I4: =IF(F4="Beginner",1,IF(F4="Alphabets",2,IF(F4="Words",3,IF(F4="Paragraph",4,IF(F4="Story",5,IF(F4="Absent","Ab","")))))) -> 2 | J4: =IF(H4="Beginner",1,IF(H4="Character",2,IF(H4="Words",3,IF(H4="Paragraph",4,IF(H4="Story",5,IF(H4="Absent","Ab","")))))) -> 2 | K4: =IF(G4="Beginner",1,IF(G4="Digit Recognition (1-9)",2,IF(G4="Number Recognition (10-99)",3,IF(G4="Subtraction",4,IF(G4="Division",5,IF(G4="Absent","Ab","")))))) -> 3 | L4: 2 | M4: 2 | N4: 3 | P4: 2 | Q4: 2 | R4: 3 | T4: 2 | U4: 2 | V4: 3 | X4: 2 | Y4: 2 | Z4: 3 | AB4: 2 | AC4: 2 | AD4: 3 | AF4: 2 | AG4: 2 | AH4: 3
A5: 2 | B5: =STUDENT!F3 -> 14733 | C5: =STUDENT!D3 -> 20220354217 | D5: =STUDENT!E3 -> NAVEEN | E5: =STUDENT!H3 -> SANJAY | F5: Words | G5: Number Recognition (10-99) | H5: Character | I5: =IF(F5="Beginner",1,IF(F5="Alphabets",2,IF(F5="Words",3,IF(F5="Paragraph",4,IF(F5="Story",5,IF(F5="Absent","Ab","")))))) -> 3 | J5: =IF(H5="Beginner",1,IF(H5="Character",2,IF(H5="Words",3,IF(H5="Paragraph",4,IF(H5="Story",5,IF(H5="Absent","Ab","")))))) -> 2 | K5: =IF(G5="Beginner",1,IF(G5="Digit Recognition (1-9)",2,IF(G5="Number Recognition (10-99)",3,IF(G5="Subtraction",4,IF(G5="Division",5,IF(G5="Absent","Ab","")))))) -> 3 | L5: 3 | M5: 2 | N5: 3 | P5: 3 | Q5: 2 | R5: 3 | T5: 3 | U5: 2 | V5: 3 | X5: 3 | Y5: 2 | Z5: 3 | AB5: 3 | AC5: 2 | AD5: 3 | AF5: 3 | AG5: 2 | AH5: 3
A6: 3 | B6: =STUDENT!F4 -> 14757 | C6: =STUDENT!D4 -> 20220402586 | D6: =STUDENT!E4 -> AADITYA KUMAR | E6: =STUDENT!H4 -> DHARMENDRA KUMAR | F6: Words | G6: Subtraction | H6: Words | I6: =IF(F6="Beginner",1,IF(F6="Alphabets",2,IF(F6="Words",3,IF(F6="Paragraph",4,IF(F6="Story",5,IF(F6="Absent","Ab","")))))) -> 3 | J6: =IF(H6="Beginner",1,IF(H6="Character",2,IF(H6="Words",3,IF(H6="Paragraph",4,IF(H6="Story",5,IF(H6="Absent","Ab","")))))) -> 3 | K6: =IF(G6="Beginner",1,IF(G6="Digit Recognition (1-9)",2,IF(G6="Number Recognition (10-99)",3,IF(G6="Subtraction",4,IF(G6="Division",5,IF(G6="Absent","Ab","")))))) -> 4 | L6: 3 | M6: 3 | N6: 4 | P6: 3 | Q6: 3 | R6: 4 | T6: 3 | U6: 3 | V6: 4 | X6: 3 | Y6: 3 | Z6: 4 | AB6: 3 | AC6: 3 | AD6: 4 | AF6: 3 | AG6: 3 | AH6: 4
A7: 4 | B7: =STUDENT!F5 -> 14778 | C7: =STUDENT!D5 -> 20220448164 | D7: =STUDENT!E5 -> PRINCE KUMAR RAY | E7: =STUDENT!H5 -> RAMSHARAN RAY | F7: Words | G7: Number Recognition (10-99) | H7: Character | I7: =IF(F7="Beginner",1,IF(F7="Alphabets",2,IF(F7="Words",3,IF(F7="Paragraph",4,IF(F7="Story",5,IF(F7="Absent","Ab","")))))) -> 3 | J7: =IF(H7="Beginner",1,IF(H7="Character",2,IF(H7="Words",3,IF(H7="Paragraph",4,IF(H7="Story",5,IF(H7="Absent","Ab","")))))) -> 2 | K7: =IF(G7="Beginner",1,IF(G7="Digit Recognition (1-9)",2,IF(G7="Number Recognition (10-99)",3,IF(G7="Subtraction",4,IF(G7="Division",5,IF(G7="Absent","Ab","")))))) -> 3 | L7: 3 | M7: 2 | N7: 3 | P7: 3 | Q7: 2 | R7: 3 | T7: 3 | U7: 2 | V7: 3 | X7: 3 | Y7: 2 | Z7: 3 | AB7: 3 | AC7: 2 | AD7: 3 | AF7: 3 | AG7: 2 | AH7: 3
A8: 5 | B8: =STUDENT!F6 -> 14785 | C8: =STUDENT!D6 -> 20220482313 | D8: =STUDENT!E6 -> KIRSHNA | E8: =STUDENT!H6 -> VISHNU KASHYAP | F8: Alphabets | G8: Number Recognition (10-99) | H8: Character | I8: =IF(F8="Beginner",1,IF(F8="Alphabets",2,IF(F8="Words",3,IF(F8="Paragraph",4,IF(F8="Story",5,IF(F8="Absent","Ab","")))))) -> 2 | J8: =IF(H8="Beginner",1,IF(H8="Character",2,IF(H8="Words",3,IF(H8="Paragraph",4,IF(H8="Story",5,IF(H8="Absent","Ab","")))))) -> 2 | K8: =IF(G8="Beginner",1,IF(G8="Digit Recognition (1-9)",2,IF(G8="Number Recognition (10-99)",3,IF(G8="Subtraction",4,IF(G8="Division",5,IF(G8="Absent","Ab","")))))) -> 3 | L8: 2 | M8: 2 | N8: 3 | P8: 2 | Q8: 2 | R8: 3 | T8: 2 | U8: 2 | V8: 3 | X8: 2 | Y8: 2 | Z8: 3 | AB8: 2 | AC8: 2 | AD8: 3 | AF8: 3 | AG8: 2 | AH8: 4
A9: 6 | B9: =STUDENT!F7 -> 14780 | C9: =STUDENT!D7 -> 20230048303 | D9: =STUDENT!E7 -> MD SOPHIYAN ALAM | E9: =STUDENT!H7 -> MD TABREJ ALAM | F9: Paragraph | G9: Subtraction | H9: Words | I9: =IF(F9="Beginner",1,IF(F9="Alphabets",2,IF(F9="Words",3,IF(F9="Paragraph",4,IF(F9="Story",5,IF(F9="Absent","Ab","")))))) -> 4 | J9: =IF(H9="Beginner",1,IF(H9="Character",2,IF(H9="Words",3,IF(H9="Paragraph",4,IF(H9="Story",5,IF(H9="Absent","Ab","")))))) -> 3 | K9: =IF(G9="Beginner",1,IF(G9="Digit Recognition (1-9)",2,IF(G9="Number Recognition (10-99)",3,IF(G9="Subtraction",4,IF(G9="Division",5,IF(G9="Absent","Ab","")))))) -> 4 | L9: 4 | M9: 3 | N9: 4 | P9: 4 | Q9: 3 | R9: 4 | T9: 4 | U9: 3 | V9: 4 | X9: 4 | Y9: 3 | Z9: 4 | AB9: 4 | AC9: 3 | AD9: 4 | AF9: 4 | AG9: 4 | AH9: 4
A10: 7 | B10: =STUDENT!F8 -> 14773 | C10: =STUDENT!D8 -> 20230083520 | D10: =STUDENT!E8 -> MD SAUBAN | E10: =STUDENT!H8 -> MD IRSHAD | F10: Paragraph | G10: Subtraction | H10: Words | I10: =IF(F10="Beginner",1,IF(F10="Alphabets",2,IF(F10="Words",3,IF(F10="Paragraph",4,IF(F10="Story",5,IF(F10="Absent","Ab","")))))) -> 4 | J10: =IF(H10="Beginner",1,IF(H10="Character",2,IF(H10="Words",3,IF(H10="Paragraph",4,IF(H10="Story",5,IF(H10="Absent","Ab","")))))) -> 3 | K10: =IF(G10="Beginner",1,IF(G10="Digit Recognition (1-9)",2,IF(G10="Number Recognition (10-99)",3,IF(G10="Subtraction",4,IF(G10="Division",5,IF(G10="Absent","Ab","")))))) -> 4 | L10: 4 | M10: 3 | N10: 4 | P10: 4 | Q10: 3 | R10: 4 | T10: 4 | U10: 3 | V10: 4 | X10: 4 | Y10: 3 | Z10: 4 | AB10: 4 | AC10: 3 | AD10: 4 | AF10: 4 | AG10: 3 | AH10: 4
A11: 8 | B11: =STUDENT!F9 -> 14769 | C11: =STUDENT!D9 -> 20230095636 | D11: =STUDENT!E9 -> DEEPANSHU | E11: =STUDENT!H9 -> AKHILESH KUMAR | F11: Alphabets | G11: Number Recognition (10-99) | H11: Character | I11: =IF(F11="Beginner",1,IF(F11="Alphabets",2,IF(F11="Words",3,IF(F11="Paragraph",4,IF(F11="Story",5,IF(F11="Absent","Ab","")))))) -> 2 | J11: =IF(H11="Beginner",1,IF(H11="Character",2,IF(H11="Words",3,IF(H11="Paragraph",4,IF(H11="Story",5,IF(H11="Absent","Ab","")))))) -> 2 | K11: =IF(G11="Beginner",1,IF(G11="Digit Recognition (1-9)",2,IF(G11="Number Recognition (10-99)",3,IF(G11="Subtraction",4,IF(G11="Division",5,IF(G11="Absent","Ab","")))))) -> 3 | L11: 2 | M11: 2 | N11: 3 | P11: 2 | Q11: 2 | R11: 3 | T11: 2 | U11: 2 | V11: 3 | X11: 2 | Y11: 2 | Z11: 3 | AB11: 2 | AC11: 2 | AD11: 3 | AF11: 4 | AG11: 2 | AH11: 3
A12: 9 | B12: =STUDENT!F10 -> 14754 | C12: =STUDENT!D10 -> 20230130143 | D12: =STUDENT!E10 -> ANUJ | E12: =STUDENT!H10 -> RANJEET DAS | F12: Alphabets | G12: Number Recognition (10-99) | H12: Character | I12: =IF(F12="Beginner",1,IF(F12="Alphabets",2,IF(F12="Words",3,IF(F12="Paragraph",4,IF(F12="Story",5,IF(F12="Absent","Ab","")))))) -> 2 | J12: =IF(H12="Beginner",1,IF(H12="Character",2,IF(H12="Words",3,IF(H12="Paragraph",4,IF(H12="Story",5,IF(H12="Absent","Ab","")))))) -> 2 | K12: =IF(G12="Beginner",1,IF(G12="Digit Recognition (1-9)",2,IF(G12="Number Recognition (10-99)",3,IF(G12="Subtraction",4,IF(G12="Division",5,IF(G12="Absent","Ab","")))))) -> 3 | L12: 2 | M12: 2 | N12: 3 | P12: 2 | Q12: 2 | R12: 3 | T12: 2 | U12: 2 | V12: 3 | X12: 2 | Y12: 2 | Z12: 3 | AB12: 2 | AC12: 2 | AD12: 3 | AF12: 3 | AG12: 2 | AH12: 3
A13: 10 | B13: =STUDENT!F11 -> 14774 | C13: =STUDENT!D11 -> 20230268614 | D13: =STUDENT!E11 -> PIYUSH KUMAR | E13: =STUDENT!H11 -> MUNNA LAL | F13: Alphabets | G13: Number Recognition (10-99) | H13: Character | I13: =IF(F13="Beginner",1,IF(F13="Alphabets",2,IF(F13="Words",3,IF(F13="Paragraph",4,IF(F13="Story",5,IF(F13="Absent","Ab","")))))) -> 2 | J13: =IF(H13="Beginner",1,IF(H13="Character",2,IF(H13="Words",3,IF(H13="Paragraph",4,IF(H13="Story",5,IF(H13="Absent","Ab","")))))) -> 2 | K13: =IF(G13="Beginner",1,IF(G13="Digit Recognition (1-9)",2,IF(G13="Number Recognition (10-99)",3,IF(G13="Subtraction",4,IF(G13="Division",5,IF(G13="Absent","Ab","")))))) -> 3 | L13: 2 | M13: 2 | N13: 3 | P13: 2 | Q13: 2 | R13: 3 | T13: 2 | U13: 2 | V13: 3 | X13: 2 | Y13: 2 | Z13: 3 | AB13: 2 | AC13: 2 | AD13: 3 | AF13: 3 | AG13: 2 | AH13: 3
A14: 11 | B14: =STUDENT!F12 -> 14775 | C14: =STUDENT!D12 -> 20230349168 | D14: =STUDENT!E12 -> MD MAHTAB | E14: =STUDENT!H12 -> MD ASRAF | F14: Ab | G14: Ab | H14: Ab | I14: =IF(F14="Beginner",1,IF(F14="Alphabets",2,IF(F14="Words",3,IF(F14="Paragraph",4,IF(F14="Story",5,IF(F14="Absent","Ab","")))))) | J14: =IF(H14="Beginner",1,IF(H14="Character",2,IF(H14="Words",3,IF(H14="Paragraph",4,IF(H14="Story",5,IF(H14="Absent","Ab","")))))) | K14: =IF(G14="Beginner",1,IF(G14="Digit Recognition (1-9)",2,IF(G14="Number Recognition (10-99)",3,IF(G14="Subtraction",4,IF(G14="Division",5,IF(G14="Absent","Ab","")))))) | L14: Ab | M14: Ab | N14: Ab | P14: Ab | Q14: Ab | R14: Ab | T14: Ab | U14: Ab | V14: Ab | X14: Ab | Y14: Ab | Z14: Ab | AB14: Ab | AC14: Ab | AD14: Ab | AF14: Ab | AG14: Ab | AH14: Ab
A15: 12 | B15: =STUDENT!F13 -> 14734 | C15: =STUDENT!D13 -> 20240008153 | D15: =STUDENT!E13 -> PRADEEP | E15: =STUDENT!H13 -> RAM BHAWAN | F15: Alphabets | G15: Subtraction | H15: Character | I15: =IF(F15="Beginner",1,IF(F15="Alphabets",2,IF(F15="Words",3,IF(F15="Paragraph",4,IF(F15="Story",5,IF(F15="Absent","Ab","")))))) -> 2 | J15: =IF(H15="Beginner",1,IF(H15="Character",2,IF(H15="Words",3,IF(H15="Paragraph",4,IF(H15="Story",5,IF(H15="Absent","Ab","")))))) -> 2 | K15: =IF(G15="Beginner",1,IF(G15="Digit Recognition (1-9)",2,IF(G15="Number Recognition (10-99)",3,IF(G15="Subtraction",4,IF(G15="Division",5,IF(G15="Absent","Ab","")))))) -> 4 | L15: 2 | M15: 2 | N15: 4 | P15: 2 | Q15: 2 | R15: 4 | T15: 2 | U15: 2 | V15: 4 | X15: 2 | Y15: 2 | Z15: 4 | AB15: 2 | AC15: 2 | AD15: 4 | AF15: 2 | AG15: 2 | AH15: 4
A16: 13 | B16: =STUDENT!F14 -> 14735 | C16: =STUDENT!D14 -> 20240008167 | D16: =STUDENT!E14 -> MOHD JISAN | E16: =STUDENT!H14 -> MD ZAMEEL | F16: Alphabets | G16: Number Recognition (10-99) | H16: Character | I16: =IF(F16="Beginner",1,IF(F16="Alphabets",2,IF(F16="Words",3,IF(F16="Paragraph",4,IF(F16="Story",5,IF(F16="Absent","Ab","")))))) -> 2 | J16: =IF(H16="Beginner",1,IF(H16="Character",2,IF(H16="Words",3,IF(H16="Paragraph",4,IF(H16="Story",5,IF(H16="Absent","Ab","")))))) -> 2 | K16: =IF(G16="Beginner",1,IF(G16="Digit Recognition (1-9)",2,IF(G16="Number Recognition (10-99)",3,IF(G16="Subtraction",4,IF(G16="Division",5,IF(G16="Absent","Ab","")))))) -> 3 | L16: 2 | M16: 2 | N16: 3 | P16: 2 | Q16: 2 | R16: 3 | T16: 2 | U16: 2 | V16: 3 | X16: 2 | Y16: 2 | Z16: 3 | AB16: 2 | AC16: 2 | AD16: 3 | AF16: 2 | AG16: 2 | AH16: 3
A17: 14 | B17: =STUDENT!F15 -> 14745 | C17: =STUDENT!D15 -> 20240015035 | D17: =STUDENT!E15 -> KARN KUMAR | E17: =STUDENT!H15 -> MUKESH RAY | F17: Alphabets | G17: Number Recognition (10-99) | H17: Character | I17: =IF(F17="Beginner",1,IF(F17="Alphabets",2,IF(F17="Words",3,IF(F17="Paragraph",4,IF(F17="Story",5,IF(F17="Absent","Ab","")))))) -> 2 | J17: =IF(H17="Beginner",1,IF(H17="Character",2,IF(H17="Words",3,IF(H17="Paragraph",4,IF(H17="Story",5,IF(H17="Absent","Ab","")))))) -> 2 | K17: =IF(G17="Beginner",1,IF(G17="Digit Recognition (1-9)",2,IF(G17="Number Recognition (10-99)",3,IF(G17="Subtraction",4,IF(G17="Division",5,IF(G17="Absent","Ab","")))))) -> 3 | L17: 2 | M17: 2 | N17: 3 | P17: 2 | Q17: 2 | R17: 3 | T17: 2 | U17: 2 | V17: 3 | X17: 2 | Y17: 2 | Z17: 3 | AB17: 2 | AC17: 2 | AD17: 3 | AF17: 3 | AG17: 2 | AH17: 3
A18: 15 | B18: =STUDENT!F16 -> 14746 | C18: =STUDENT!D16 -> 20240015112 | D18: =STUDENT!E16 -> ROKI | E18: =STUDENT!H16 -> KUAR SINGH | F18: Words | G18: Subtraction | H18: Words | I18: =IF(F18="Beginner",1,IF(F18="Alphabets",2,IF(F18="Words",3,IF(F18="Paragraph",4,IF(F18="Story",5,IF(F18="Absent","Ab","")))))) -> 3 | J18: =IF(H18="Beginner",1,IF(H18="Character",2,IF(H18="Words",3,IF(H18="Paragraph",4,IF(H18="Story",5,IF(H18="Absent","Ab","")))))) -> 3 | K18: =IF(G18="Beginner",1,IF(G18="Digit Recognition (1-9)",2,IF(G18="Number Recognition (10-99)",3,IF(G18="Subtraction",4,IF(G18="Division",5,IF(G18="Absent","Ab","")))))) -> 4 | L18: 3 | M18: 3 | N18: 4 | P18: 3 | Q18: 3 | R18: 4 | T18: 3 | U18: 3 | V18: 4 | X18: 3 | Y18: 3 | Z18: 4 | AB18: 3 | AC18: 3 | AD18: 4 | AF18: 4 | AG18: 4 | AH18: 4
A19: 16 | B19: =STUDENT!F17 -> 14748 | C19: =STUDENT!D17 -> 20240015199 | D19: =STUDENT!E17 -> MD BILAL | E19: =STUDENT!H17 -> MD AFROJ | F19: Alphabets | G19: Number Recognition (10-99) | H19: Character | I19: =IF(F19="Beginner",1,IF(F19="Alphabets",2,IF(F19="Words",3,IF(F19="Paragraph",4,IF(F19="Story",5,IF(F19="Absent","Ab","")))))) -> 2 | J19: =IF(H19="Beginner",1,IF(H19="Character",2,IF(H19="Words",3,IF(H19="Paragraph",4,IF(H19="Story",5,IF(H19="Absent","Ab","")))))) -> 2 | K19: =IF(G19="Beginner",1,IF(G19="Digit Recognition (1-9)",2,IF(G19="Number Recognition (10-99)",3,IF(G19="Subtraction",4,IF(G19="Division",5,IF(G19="Absent","Ab","")))))) -> 3 | L19: 2 | M19: 2 | N19: 3 | P19: 2 | Q19: 2 | R19: 3 | T19: 2 | U19: 2 | V19: 3 | X19: 2 | Y19: 2 | Z19: 3 | AB19: 2 | AC19: 2 | AD19: 3 | AF19: 3 | AG19: 3 | AH19: 4
A20: 17 | B20: =STUDENT!F18 -> 14755 | C20: =STUDENT!D18 -> 20240023044 | D20: =STUDENT!E18 -> GAURAV KUMAR | E20: =STUDENT!H18 -> HARINDER YADAV | F20: Alphabets | G20: Subtraction | H20: Character | I20: =IF(F20="Beginner",1,IF(F20="Alphabets",2,IF(F20="Words",3,IF(F20="Paragraph",4,IF(F20="Story",5,IF(F20="Absent","Ab","")))))) -> 2 | J20: =IF(H20="Beginner",1,IF(H20="Character",2,IF(H20="Words",3,IF(H20="Paragraph",4,IF(H20="Story",5,IF(H20="Absent","Ab","")))))) -> 2 | K20: =IF(G20="Beginner",1,IF(G20="Digit Recognition (1-9)",2,IF(G20="Number Recognition (10-99)",3,IF(G20="Subtraction",4,IF(G20="Division",5,IF(G20="Absent","Ab","")))))) -> 4 | L20: 2 | M20: 2 | N20: 4 | P20: 2 | Q20: 2 | R20: 4 | T20: 2 | U20: 2 | V20: 4 | X20: 2 | Y20: 2 | Z20: 4 | AB20: 2 | AC20: 2 | AD20: 4 | AF20: 3 | AG20: 2 | AH20: 4
A21: 18 | B21: =STUDENT!F19 -> 14756 | C21: =STUDENT!D19 -> 20240023055 | D21: =STUDENT!E19 -> SAURAV KUMAR | E21: =STUDENT!H19 -> HARINDER YADAV | F21: Alphabets | G21: Subtraction | H21: Character | I21: =IF(F21="Beginner",1,IF(F21="Alphabets",2,IF(F21="Words",3,IF(F21="Paragraph",4,IF(F21="Story",5,IF(F21="Absent","Ab","")))))) -> 2 | J21: =IF(H21="Beginner",1,IF(H21="Character",2,IF(H21="Words",3,IF(H21="Paragraph",4,IF(H21="Story",5,IF(H21="Absent","Ab","")))))) -> 2 | K21: =IF(G21="Beginner",1,IF(G21="Digit Recognition (1-9)",2,IF(G21="Number Recognition (10-99)",3,IF(G21="Subtraction",4,IF(G21="Division",5,IF(G21="Absent","Ab","")))))) -> 4 | L21: 2 | M21: 2 | N21: 4 | P21: 2 | Q21: 2 | R21: 4 | T21: 2 | U21: 2 | V21: 4 | X21: 2 | Y21: 2 | Z21: 4 | AB21: 2 | AC21: 2 | AD21: 4 | AF21: 3 | AG21: 2 | AH21: 4
A22: 19 | B22: =STUDENT!F20 -> 14758 | C22: =STUDENT!D20 -> 20240023083 | D22: =STUDENT!E20 -> HANAM AYUBI | E22: =STUDENT!H20 -> MD PARWEZ | F22: Alphabets | G22: Number Recognition (10-99) | H22: Character | I22: =IF(F22="Beginner",1,IF(F22="Alphabets",2,IF(F22="Words",3,IF(F22="Paragraph",4,IF(F22="Story",5,IF(F22="Absent","Ab","")))))) -> 2 | J22: =IF(H22="Beginner",1,IF(H22="Character",2,IF(H22="Words",3,IF(H22="Paragraph",4,IF(H22="Story",5,IF(H22="Absent","Ab","")))))) -> 2 | K22: =IF(G22="Beginner",1,IF(G22="Digit Recognition (1-9)",2,IF(G22="Number Recognition (10-99)",3,IF(G22="Subtraction",4,IF(G22="Division",5,IF(G22="Absent","Ab","")))))) -> 3 | L22: 2 | M22: 2 | N22: 3 | P22: 2 | Q22: 2 | R22: 3 | T22: 2 | U22: 2 | V22: 3 | X22: 2 | Y22: 2 | Z22: 3 | AB22: 2 | AC22: 2 | AD22: 3 | AF22: 2 | AG22: 2 | AH22: 3
A23: 20 | B23: =STUDENT!F21 -> 14768 | C23: =STUDENT!D21 -> 20240028340 | D23: =STUDENT!E21 -> ANKUR | E23: =STUDENT!H21 -> ASHOK KUMAR GUPTA | F23: Alphabets | G23: Number Recognition (10-99) | H23: Character | I23: =IF(F23="Beginner",1,IF(F23="Alphabets",2,IF(F23="Words",3,IF(F23="Paragraph",4,IF(F23="Story",5,IF(F23="Absent","Ab","")))))) -> 2 | J23: =IF(H23="Beginner",1,IF(H23="Character",2,IF(H23="Words",3,IF(H23="Paragraph",4,IF(H23="Story",5,IF(H23="Absent","Ab","")))))) -> 2 | K23: =IF(G23="Beginner",1,IF(G23="Digit Recognition (1-9)",2,IF(G23="Number Recognition (10-99)",3,IF(G23="Subtraction",4,IF(G23="Division",5,IF(G23="Absent","Ab","")))))) -> 3 | L23: 2 | M23: 2 | N23: 3 | P23: 2 | Q23: 2 | R23: 3 | T23: 2 | U23: 2 | V23: 3 | X23: 2 | Y23: 2 | Z23: 3 | AB23: 2 | AC23: 2 | AD23: 3 | AF23: 2 | AG23: 2 | AH23: 3
A24: 21 | B24: =STUDENT!F22 -> 14792 | C24: =STUDENT!D22 -> 20240074441 | D24: =STUDENT!E22 -> SOBHIT PASWAN | E24: =STUDENT!H22 -> SHANKAR PASWAN | F24: Alphabets | G24: Number Recognition (10-99) | H24: Character | I24: =IF(F24="Beginner",1,IF(F24="Alphabets",2,IF(F24="Words",3,IF(F24="Paragraph",4,IF(F24="Story",5,IF(F24="Absent","Ab","")))))) -> 2 | J24: =IF(H24="Beginner",1,IF(H24="Character",2,IF(H24="Words",3,IF(H24="Paragraph",4,IF(H24="Story",5,IF(H24="Absent","Ab","")))))) -> 2 | K24: =IF(G24="Beginner",1,IF(G24="Digit Recognition (1-9)",2,IF(G24="Number Recognition (10-99)",3,IF(G24="Subtraction",4,IF(G24="Division",5,IF(G24="Absent","Ab","")))))) -> 3 | L24: 2 | M24: 2 | N24: 3 | P24: 2 | Q24: 2 | R24: 3 | T24: 2 | U24: 2 | V24: 3 | X24: 2 | Y24: 2 | Z24: 3 | AB24: 2 | AC24: 2 | AD24: 3 | AF24: 2 | AG24: 2 | AH24: 3
A25: 22 | B25: =STUDENT!F23 -> 14804 | C25: =STUDENT!D23 -> 20240100859 | D25: =STUDENT!E23 -> ABHISHEK MUKHIYA | E25: =STUDENT!H23 -> ARJUN MUKHIYA | F25: Alphabets | G25: Number Recognition (10-99) | H25: Character | I25: =IF(F25="Beginner",1,IF(F25="Alphabets",2,IF(F25="Words",3,IF(F25="Paragraph",4,IF(F25="Story",5,IF(F25="Absent","Ab","")))))) -> 2 | J25: =IF(H25="Beginner",1,IF(H25="Character",2,IF(H25="Words",3,IF(H25="Paragraph",4,IF(H25="Story",5,IF(H25="Absent","Ab","")))))) -> 2 | K25: =IF(G25="Beginner",1,IF(G25="Digit Recognition (1-9)",2,IF(G25="Number Recognition (10-99)",3,IF(G25="Subtraction",4,IF(G25="Division",5,IF(G25="Absent","Ab","")))))) -> 3 | L25: 2 | M25: 2 | N25: 3 | P25: 2 | Q25: 2 | R25: 3 | T25: 2 | U25: 2 | V25: 3 | X25: 2 | Y25: 2 | Z25: 3 | AB25: 2 | AC25: 2 | AD25: 3 | AF25: 4 | AG25: 4 | AH25: 4
A26: 23 | B26: =STUDENT!F24 -> 14805 | C26: =STUDENT!D24 -> 20240100885 | D26: =STUDENT!E24 -> NITIN | E26: =STUDENT!H24 -> AJAY | F26: Paragraph | G26: Subtraction | H26: Words | I26: =IF(F26="Beginner",1,IF(F26="Alphabets",2,IF(F26="Words",3,IF(F26="Paragraph",4,IF(F26="Story",5,IF(F26="Absent","Ab","")))))) -> 4 | J26: =IF(H26="Beginner",1,IF(H26="Character",2,IF(H26="Words",3,IF(H26="Paragraph",4,IF(H26="Story",5,IF(H26="Absent","Ab","")))))) -> 3 | K26: =IF(G26="Beginner",1,IF(G26="Digit Recognition (1-9)",2,IF(G26="Number Recognition (10-99)",3,IF(G26="Subtraction",4,IF(G26="Division",5,IF(G26="Absent","Ab","")))))) -> 4 | L26: 4 | M26: 3 | N26: 4 | P26: 4 | Q26: 3 | R26: 4 | T26: 4 | U26: 3 | V26: 4 | X26: 4 | Y26: 3 | Z26: 4 | AB26: 4 | AC26: 3 | AD26: 4 | AF26: 4 | AG26: 3 | AH26: 4
... A35: 32 | B35: =STUDENT!F33 -> 15035 | C35: =STUDENT!D33 -> 20250188626 | D35: =STUDENT!E33 -> HARSHIT | E35: =STUDENT!H33 -> ANKIT SINGH | F35: Alphabets | G35: Number Recognition (10-99) | H35: Character | I35: =IF(F35="Beginner",1,IF(F35="Alphabets",2,IF(F35="Words",3,IF(F35="Paragraph",4,IF(F35="Story",5,IF(F35="Absent","Ab","")))))) -> 2 | J35: =IF(H35="Beginner",1,IF(H35="Character",2,IF(H35="Words",3,IF(H35="Paragraph",4,IF(H35="Story",5,IF(H35="Absent","Ab","")))))) -> 2 | K35: =IF(G35="Beginner",1,IF(G35="Digit Recognition (1-9)",2,IF(G35="Number Recognition (10-99)",3,IF(G35="Subtraction",4,IF(G35="Division",5,IF(G35="Absent","Ab","")))))) -> 3 | L35: 2 | M35: 2 | N35: 3 | P35: 2 | Q35: 2 | R35: 3 | T35: 2 | U35: 2 | V35: 3 | X35: 2 | Y35: 2 | Z35: 3 | AB35: 2 | AC35: 2 | AD35: 3 | AF35: 4 | AG35: 3 | AH35: 4
A36: 33 | B36: =STUDENT!F34 -> 15077 | C36: =STUDENT!D34 -> 20250246710 | D36: =STUDENT!E34 -> HEMANT KUMAR | E36: =STUDENT!H34 -> PRADEEP KUMAR | F36: Alphabets | G36: Number Recognition (10-99) | H36: Character | I36: =IF(F36="Beginner",1,IF(F36="Alphabets",2,IF(F36="Words",3,IF(F36="Paragraph",4,IF(F36="Story",5,IF(F36="Absent","Ab","")))))) -> 2 | J36: =IF(H36="Beginner",1,IF(H36="Character",2,IF(H36="Words",3,IF(H36="Paragraph",4,IF(H36="Story",5,IF(H36="Absent","Ab","")))))) -> 2 | K36: =IF(G36="Beginner",1,IF(G36="Digit Recognition (1-9)",2,IF(G36="Number Recognition (10-99)",3,IF(G36="Subtraction",4,IF(G36="Division",5,IF(G36="Absent","Ab","")))))) -> 3 | L36: 2 | M36: 2 | N36: 3 | P36: 2 | Q36: 2 | R36: 3 | S36: - | T36: 2 | U36: 2 | V36: 3 | W36: - | X36: 2 | Y36: 2 | Z36: 3 | AA36: - | AB36: 2 | AC36: 2 | AD36: 3 | AF36: 2 | AG36: 2 | AH36: 3
A37: 34 | B37: =STUDENT!F35 -> 15088 | C37: =STUDENT!D35 -> 20250257787 | D37: =STUDENT!E35 -> VEERPARTAP SINGH | E37: =STUDENT!H35 -> VIJAY SINGH | F37: Ab | G37: Ab | H37: Ab | I37: =IF(F37="Beginner",1,IF(F37="Alphabets",2,IF(F37="Words",3,IF(F37="Paragraph",4,IF(F37="Story",5,IF(F37="Absent","Ab","")))))) | J37: =IF(H37="Beginner",1,IF(H37="Character",2,IF(H37="Words",3,IF(H37="Paragraph",4,IF(H37="Story",5,IF(H37="Absent","Ab","")))))) | K37: =IF(G37="Beginner",1,IF(G37="Digit Recognition (1-9)",2,IF(G37="Number Recognition (10-99)",3,IF(G37="Subtraction",4,IF(G37="Division",5,IF(G37="Absent","Ab","")))))) | L37: Ab | M37: Ab | N37: Ab | P37: Ab | Q37: Ab | R37: Ab | S37: - | T37: Ab | U37: Ab | V37: Ab | W37: - | X37: Ab | Y37: Ab | Z37: Ab | AA37: - | AB37: Ab | AC37: Ab | AD37: Ab | AF37: Ab | AG37: Ab | AH37: Ab
A38: 35 | B38: =STUDENT!F36 -> 15104 | C38: =STUDENT!D36 -> 20250272033 | D38: =STUDENT!E36 -> NIKHIL KUMAR | E38: =STUDENT!H36 -> SUNIL KUMAR | F38: Alphabets | G38: Number Recognition (10-99) | H38: Character | I38: =IF(F38="Beginner",1,IF(F38="Alphabets",2,IF(F38="Words",3,IF(F38="Paragraph",4,IF(F38="Story",5,IF(F38="Absent","Ab","")))))) -> 2 | J38: =IF(H38="Beginner",1,IF(H38="Character",2,IF(H38="Words",3,IF(H38="Paragraph",4,IF(H38="Story",5,IF(H38="Absent","Ab","")))))) -> 2 | K38: =IF(G38="Beginner",1,IF(G38="Digit Recognition (1-9)",2,IF(G38="Number Recognition (10-99)",3,IF(G38="Subtraction",4,IF(G38="Division",5,IF(G38="Absent","Ab","")))))) -> 3 | L38: 2 | M38: 2 | N38: 3 | P38: 2 | Q38: 2 | R38: 3 | S38: - | T38: 2 | U38: 2 | V38: 3 | W38: - | X38: 2 | Y38: 2 | Z38: 3 | AA38: - | AB38: 2 | AC38: 2 | AD38: 3 | AF38: 2 | AG38: 2 | AH38: 3
A39: 36 | B39: =STUDENT!F37 -> 15143 | C39: =STUDENT!D37 -> 20250310265 | D39: =STUDENT!E37 -> JITENDRA | E39: =STUDENT!H37 -> RAM SUMAR | F39: Alphabets | G39: Number Recognition (10-99) | H39: Character | I39: =IF(F39="Beginner",1,IF(F39="Alphabets",2,IF(F39="Words",3,IF(F39="Paragraph",4,IF(F39="Story",5,IF(F39="Absent","Ab","")))))) -> 2 | J39: =IF(H39="Beginner",1,IF(H39="Character",2,IF(H39="Words",3,IF(H39="Paragraph",4,IF(H39="Story",5,IF(H39="Absent","Ab","")))))) -> 2 | K39: =IF(G39="Beginner",1,IF(G39="Digit Recognition (1-9)",2,IF(G39="Number Recognition (10-99)",3,IF(G39="Subtraction",4,IF(G39="Division",5,IF(G39="Absent","Ab","")))))) -> 3 | L39: 2 | M39: 2 | N39: 3 | P39: 2 | Q39: 2 | R39: 3 | S39: - | T39: 2 | U39: 2 | V39: 3 | W39: - | X39: 2 | Y39: 2 | Z39: 3 | AA39: - | AB39: 2 | AC39: 2 | AD39: 3 | AE39: - | AF39: 3 | AG39: 2 | AH39: 3
A40: 37 | B40: =STUDENT!F38 -> 15144 | C40: =STUDENT!D38 -> 20250310269 | D40: =STUDENT!E38 -> MOHD AYAN | E40: =STUDENT!H38 -> BUDHAN MIYAN | F40: Alphabets | G40: Number Recognition (10-99) | H40: Character | I40: =IF(F40="Beginner",1,IF(F40="Alphabets",2,IF(F40="Words",3,IF(F40="Paragraph",4,IF(F40="Story",5,IF(F40="Absent","Ab","")))))) -> 2 | J40: =IF(H40="Beginner",1,IF(H40="Character",2,IF(H40="Words",3,IF(H40="Paragraph",4,IF(H40="Story",5,IF(H40="Absent","Ab","")))))) -> 2 | K40: =IF(G40="Beginner",1,IF(G40="Digit Recognition (1-9)",2,IF(G40="Number Recognition (10-99)",3,IF(G40="Subtraction",4,IF(G40="Division",5,IF(G40="Absent","Ab","")))))) -> 3 | L40: 2 | M40: 2 | N40: 3 | P40: 2 | Q40: 2 | R40: 3 | S40: - | T40: 2 | U40: 2 | V40: 3 | W40: - | X40: 2 | Y40: 2 | Z40: 3 | AA40: - | AB40: 2 | AC40: 2 | AD40: 3 | AE40: - | AF40: 2 | AG40: 2 | AH40: 3
A41: 38 | B41: =STUDENT!F39 -> 15145 | C41: =STUDENT!D39 -> 20250310277 | D41: =STUDENT!E39 -> RAJA KUMAR | E41: =STUDENT!H39 -> AMAR PODDAR | F41: Alphabets | G41: Number Recognition (10-99) | H41: Character | I41: =IF(F41="Beginner",1,IF(F41="Alphabets",2,IF(F41="Words",3,IF(F41="Paragraph",4,IF(F41="Story",5,IF(F41="Absent","Ab","")))))) -> 2 | J41: =IF(H41="Beginner",1,IF(H41="Character",2,IF(H41="Words",3,IF(H41="Paragraph",4,IF(H41="Story",5,IF(H41="Absent","Ab","")))))) -> 2 | K41: =IF(G41="Beginner",1,IF(G41="Digit Recognition (1-9)",2,IF(G41="Number Recognition (10-99)",3,IF(G41="Subtraction",4,IF(G41="Division",5,IF(G41="Absent","Ab","")))))) -> 3 | L41: 2 | M41: 2 | N41: 3 | P41: 2 | Q41: 2 | R41: 3 | S41: - | T41: 2 | U41: 2 | V41: 3 | W41: - | X41: 2 | Y41: 2 | Z41: 3 | AA41: - | AB41: 2 | AC41: 2 | AD41: 3 | AE41: - | AF41: 2 | AG41: 2 | AH41: 3
A42: 39 | B42: =STUDENT!F40 -> 15149 | C42: =STUDENT!D40 -> 20250325088 | D42: =STUDENT!E40 -> LOVECESH KUMAR | E42: =STUDENT!H40 -> SANDEEP KUMAR | F42: Ab | G42: Ab | H42: Ab | I42: =IF(F42="Beginner",1,IF(F42="Alphabets",2,IF(F42="Words",3,IF(F42="Paragraph",4,IF(F42="Story",5,IF(F42="Absent","Ab","")))))) | J42: =IF(H42="Beginner",1,IF(H42="Character",2,IF(H42="Words",3,IF(H42="Paragraph",4,IF(H42="Story",5,IF(H42="Absent","Ab","")))))) | K42: =IF(G42="Beginner",1,IF(G42="Digit Recognition (1-9)",2,IF(G42="Number Recognition (10-99)",3,IF(G42="Subtraction",4,IF(G42="Division",5,IF(G42="Absent","Ab","")))))) | L42: Ab | M42: Ab | N42: Ab | P42: Ab | Q42: Ab | R42: Ab | S42: - | T42: Ab | U42: Ab | V42: Ab | W42: - | X42: Ab | Y42: Ab | Z42: Ab | AA42: - | AB42: Ab | AC42: Ab | AD42: Ab | AE42: - | AF42: Ab | AG42: Ab | AH42: Ab
A43: 40 | B43: =STUDENT!F41 -> 0 | C43: =STUDENT!D41 -> 0 | D43: =STUDENT!E41 -> 0 | E43: =STUDENT!H41 -> 0 | I43: =IF(F43="Beginner",1,IF(F43="Alphabets",2,IF(F43="Words",3,IF(F43="Paragraph",4,IF(F43="Story",5,IF(F43="Absent","Ab","")))))) | J43: =IF(H43="Beginner",1,IF(H43="Character",2,IF(H43="Words",3,IF(H43="Paragraph",4,IF(H43="Story",5,IF(H43="Absent","Ab","")))))) | K43: =IF(G43="Beginner",1,IF(G43="Digit Recognition (1-9)",2,IF(G43="Number Recognition (10-99)",3,IF(G43="Subtraction",4,IF(G43="Division",5,IF(G43="Absent","Ab","")))))) | L43: - | M43: - | N43: - | P43: - | Q43: - | R43: - | S43: - | T43: - | U43: - | V43: - | W43: - | X43: - | Y43: - | Z43: - | AA43: - | AB43: - | AC43: - | AD43: - | AE43: - | AF43: - | AG43: - | AH43: -
A44: 41 | B44: =STUDENT!F42 -> 0 | C44: =STUDENT!D42 -> 0 | D44: =STUDENT!E42 -> 0 | E44: =STUDENT!H42 -> 0 | I44: =IF(F44="Beginner",1,IF(F44="Alphabets",2,IF(F44="Words",3,IF(F44="Paragraph",4,IF(F44="Story",5,IF(F44="Absent","Ab","")))))) | J44: =IF(H44="Beginner",1,IF(H44="Character",2,IF(H44="Words",3,IF(H44="Paragraph",4,IF(H44="Story",5,IF(H44="Absent","Ab","")))))) | K44: =IF(G44="Beginner",1,IF(G44="Digit Recognition (1-9)",2,IF(G44="Number Recognition (10-99)",3,IF(G44="Subtraction",4,IF(G44="Division",5,IF(G44="Absent","Ab","")))))) | L44: - | M44: - | N44: - | P44: - | Q44: - | R44: - | S44: - | T44: - | U44: - | V44: - | W44: - | X44: - | Y44: - | Z44: - | AA44: - | AB44: - | AC44: - | AD44: - | AE44: - | AF44: - | AG44: - | AH44: -
